time,sensor.power_load_no_var_loads,sensor.power_photovoltaics
2025-06-01 00:00:00,579.2663454146038,0.0
2025-06-01 00:30:00,507.62439099943987,0.0
2025-06-01 01:00:00,356.9599131240956,0.0
2025-06-01 01:30:00,295.7266961232766,0.0
2025-06-01 02:00:00,414.83139521872215,0.0
2025-06-01 02:30:00,742.0867163209765,0.0
2025-06-01 03:00:00,458.17554424355995,0.0
2025-06-01 03:30:00,438.7239687724229,0.0
2025-06-01 04:00:00,396.01312399233973,56.621
2025-06-01 04:30:00,319.91410365939225,127.11107407407408
2025-06-01 05:00:00,537.8906324116527,243.53160714285715
2025-06-01 05:30:00,602.2166447835046,250.27510714285717
2025-06-01 06:00:00,937.4951506388272,512.8155666666667
2025-06-01 06:30:00,1057.0548013739212,848.6438999999999
2025-06-01 07:00:00,849.2946826048817,756.4973000000001
2025-06-01 07:30:00,701.1623769871354,736.576275862069
2025-06-01 08:00:00,946.5168681058772,1212.0430333333331
2025-06-01 08:30:00,1156.0954066071806,1130.6564
2025-06-01 09:00:00,903.3910754773094,1133.8188333333335
2025-06-01 09:30:00,1082.8308501833271,1619.1447999999998
2025-06-01 10:00:00,983.3005701646034,1361.5272333333337
2025-06-01 10:30:00,1018.0344220444222,1347.7025172413794
2025-06-01 11:00:00,943.425080309083,2638.5606666666667
2025-06-01 11:30:00,966.6954149048854,2867.3676666666665
2025-06-01 12:00:00,2084.965182553543,2358.8121
2025-06-01 12:30:00,1837.9438049527128,1128.9671
2025-06-01 13:00:00,1972.7072684439568,2897.549833333333
2025-06-01 13:30:00,1965.0385103678225,3029.8848666666668
2025-06-01 14:00:00,868.1198395762775,2961.9832
2025-06-01 14:30:00,785.4925895497562,1996.0701
2025-06-01 15:00:00,825.8371419287696,2100.5387666666666
2025-06-01 15:30:00,899.179195178928,3201.1648333333337
2025-06-01 16:00:00,871.9652178811566,1601.3495333333333
2025-06-01 16:30:00,761.0214996035127,952.1409655172414
2025-06-01 17:00:00,752.7769138688477,1471.6783666666668
2025-06-01 17:30:00,777.9507399272925,748.218962962963
2025-06-01 18:00:00,2543.0840458455455,642.5134285714286
2025-06-01 18:30:00,2513.448482075262,176.51215789473682
2025-06-01 19:00:00,2486.784656355321,0.0
2025-06-01 19:30:00,2312.5212505414424,0.0
2025-06-01 20:00:00,2562.153912875633,0.0
2025-06-01 20:30:00,2437.5791567475744,0.0
2025-06-01 21:00:00,2610.6536073392967,0.0
2025-06-01 21:30:00,2474.4291207081146,0.0
2025-06-01 22:00:00,2688.429176882441,0.0
2025-06-01 22:30:00,2566.3386678467486,0.0
2025-06-01 23:00:00,2494.7394783023888,0.0
2025-06-01 23:30:00,2456.2428782833476,0.0
2025-06-02 00:00:00,587.6798804078362,0.0
2025-06-02 00:30:00,235.97395668977,0.0
2025-06-02 01:00:00,259.8112936334882,0.0
2025-06-02 01:30:00,367.506024800163,0.0
2025-06-02 02:00:00,420.22848253074676,0.0
2025-06-02 02:30:00,482.3838480630271,0.0
2025-06-02 03:00:00,510.58952201022066,0.0
2025-06-02 03:30:00,383.80422968446663,0.0
2025-06-02 04:00:00,477.0126895255943,0.0
2025-06-02 04:30:00,457.3742818974753,0.0
2025-06-02 05:00:00,572.1887175522822,63.173
2025-06-02 05:30:00,338.649330142134,81.59700000000001
2025-06-02 06:00:00,536.7940565005223,139.41096296296297
2025-06-02 06:30:00,505.0457288770551,182.66677777777772
2025-06-02 07:00:00,642.4546043592662,303.0212857142857
2025-06-02 07:30:00,795.0917867376492,504.9988
2025-06-02 08:00:00,462.81395839765594,609.5857586206897
2025-06-02 08:30:00,536.7009732103091,787.5247999999999
2025-06-02 09:00:00,682.7031600855901,1113.5253333333335
2025-06-02 09:30:00,556.7190613226624,687.0443333333334
2025-06-02 10:00:00,457.54513855591875,449.46656666666667
2025-06-02 10:30:00,446.311890252717,501.4637
2025-06-02 11:00:00,401.3357430809852,1061.3248
2025-06-02 11:30:00,588.5672605652926,1426.1764666666668
2025-06-02 12:00:00,463.96166276060023,1588.2425333333333
2025-06-02 12:30:00,561.1864440024281,1497.6402333333333
2025-06-02 13:00:00,638.0210091767407,1667.0886
2025-06-02 13:30:00,647.0988068362672,1641.0866
2025-06-02 14:00:00,694.0707410769107,1753.2003
2025-06-02 14:30:00,508.78766985460237,1485.1449666666667
2025-06-02 15:00:00,568.7881022704667,660.7091333333334
2025-06-02 15:30:00,619.7167241008344,521.4647241379311
2025-06-02 16:00:00,534.1212304663142,385.0079
2025-06-02 16:30:00,302.6915366096774,335.676
2025-06-02 17:00:00,1917.6648209809453,177.85007142857145
2025-06-02 17:30:00,2185.946351679153,147.18096428571428
2025-06-02 18:00:00,2048.760809112913,54.06172727272727
2025-06-02 18:30:00,1996.8714648179555,25.072000000000003
2025-06-02 19:00:00,2023.6824333421819,0.0
2025-06-02 19:30:00,1997.7214522189793,0.0
2025-06-02 20:00:00,2143.2059616322135,0.0
2025-06-02 20:30:00,1795.170138706998,0.0
2025-06-02 21:00:00,1715.1384605692258,0.0
2025-06-02 21:30:00,1901.8751143917436,0.0
2025-06-02 22:00:00,1943.1885529691792,0.0
2025-06-02 22:30:00,1888.1187703104029,0.0
2025-06-02 23:00:00,1966.3212759418063,0.0
2025-06-02 23:30:00,1986.5794677036713,0.0
2025-06-03 00:00:00,507.3026608066631,0.0
2025-06-03 00:30:00,395.85326534579616,0.0
2025-06-03 01:00:00,495.2873888473915,0.0
2025-06-03 01:30:00,356.70577667730447,0.0
2025-06-03 02:00:00,447.53574194207073,0.0
2025-06-03 02:30:00,486.01673624803976,0.0
2025-06-03 03:00:00,94.43809349688604,0.0
2025-06-03 03:30:00,337.19056370639544,0.0
2025-06-03 04:00:00,536.6470524601181,0.0
2025-06-03 04:30:00,406.6737648805621,0.0
2025-06-03 05:00:00,320.56322632339067,45.9936
2025-06-03 05:30:00,444.6879189286047,46.73772727272728
2025-06-03 06:00:00,539.3229112041047,76.92848275862069
2025-06-03 06:30:00,530.8954216334781,142.533
2025-06-03 07:00:00,640.4406320370427,264.77323333333334
2025-06-03 07:30:00,652.3001354536796,214.46766666666664
2025-06-03 08:00:00,721.3997212928736,295.847
2025-06-03 08:30:00,598.9673067681928,282.1073214285714
2025-06-03 09:00:00,563.3117304933916,375.7238
2025-06-03 09:30:00,545.7816392421362,402.7773333333333
2025-06-03 10:00:00,711.1777675907715,325.37046666666663
2025-06-03 10:30:00,454.2290810853479,607.8698
2025-06-03 11:00:00,481.7854820478354,581.6997333333333
2025-06-03 11:30:00,431.5327974305636,589.6616
2025-06-03 12:00:00,501.1019729944006,503.8402
2025-06-03 12:30:00,363.58254769852715,533.6303333333333
2025-06-03 13:00:00,571.989267044727,725.7803
2025-06-03 13:30:00,620.2607727348275,579.8189
2025-06-03 14:00:00,518.3074861826724,726.1854999999999
2025-06-03 14:30:00,635.127643992915,743.9812666666668
2025-06-03 15:00:00,474.88859139698457,421.7889333333333
2025-06-03 15:30:00,509.46096594322887,460.1129655172414
2025-06-03 16:00:00,587.2396303149427,474.21206666666666
2025-06-03 16:30:00,640.4054766925876,245.55596428571428
2025-06-03 17:00:00,2005.2707872487208,112.28010344827588
2025-06-03 17:30:00,2156.7967691536746,87.75807692307693
2025-06-03 18:00:00,2073.2222579430613,24.47233333333333
2025-06-03 18:30:00,2206.341533580122,0.0
2025-06-03 19:00:00,1865.7123161250438,0.0
2025-06-03 19:30:00,2062.570831203298,0.0
2025-06-03 20:00:00,2045.4110125825355,0.0
2025-06-03 20:30:00,2063.3562283314877,0.0
2025-06-03 21:00:00,1957.8265920527142,0.0
2025-06-03 21:30:00,1918.11517958361,0.0
2025-06-03 22:00:00,1931.7931214559462,0.0
2025-06-03 22:30:00,1894.890899930245,0.0
2025-06-03 23:00:00,1883.8261305303295,0.0
2025-06-03 23:30:00,2136.490337992332,0.0
2025-06-04 00:00:00,580.8450921665774,0.0
2025-06-04 00:30:00,495.29474742505755,0.0
2025-06-04 01:00:00,392.20406589102845,0.0
2025-06-04 01:30:00,428.73569989897686,0.0
2025-06-04 02:00:00,603.3296203494433,0.0
2025-06-04 02:30:00,531.3134794713505,0.0
2025-06-04 03:00:00,611.0000911625827,0.0
2025-06-04 03:30:00,351.7371895131055,0.0
2025-06-04 04:00:00,297.2811361198318,0.0
2025-06-04 04:30:00,559.5757766573035,68.24392307692308
2025-06-04 05:00:00,364.82187771581096,173.2786551724138
2025-06-04 05:30:00,534.3648370878569,239.08159259259256
2025-06-04 06:00:00,528.6611446867984,322.83765517241375
2025-06-04 06:30:00,618.398807432864,497.12340000000006
2025-06-04 07:00:00,726.5685867245948,669.7308666666667
2025-06-04 07:30:00,551.6370018754914,737.9098333333333
2025-06-04 08:00:00,516.7689839747383,1432.6567333333332
2025-06-04 08:30:00,678.1376381554127,1226.4682
2025-06-04 09:00:00,478.99568644736104,1820.6714333333332
2025-06-04 09:30:00,530.0764452023543,1314.5658
2025-06-04 10:00:00,599.6581048524956,1401.564033333333
2025-06-04 10:30:00,377.2098853788511,1447.864551724138
2025-06-04 11:00:00,678.694786079211,1539.7175
2025-06-04 11:30:00,431.75096518262745,1367.4903333333334
2025-06-04 12:00:00,452.16047295850814,1808.5635
2025-06-04 12:30:00,723.0646131322397,2039.8834333333327
2025-06-04 13:00:00,609.8827966463697,1604.8300000000002
2025-06-04 13:30:00,732.4254143369435,1626.9029655172417
2025-06-04 14:00:00,510.8404484266132,2583.0139
2025-06-04 14:30:00,566.9437245454876,1946.4875
2025-06-04 15:00:00,648.1774978122518,2209.618033333333
2025-06-04 15:30:00,449.96506993992494,1765.7272666666663
2025-06-04 16:00:00,425.6901020160575,1979.8528
2025-06-04 16:30:00,473.4236191929788,1950.827633333333
2025-06-04 17:00:00,1859.3878016574072,1294.5948620689653
2025-06-04 17:30:00,2048.6872431427623,757.9735999999999
2025-06-04 18:00:00,1887.732921673,152.35872413793103
2025-06-04 18:30:00,2047.615239259401,66.30472413793103
2025-06-04 19:00:00,2033.0431008873206,28.141
2025-06-04 19:30:00,2046.6160796982585,0.0
2025-06-04 20:00:00,2045.682354169378,0.0
2025-06-04 20:30:00,2003.1736794849562,0.0
2025-06-04 21:00:00,2060.7698540497145,0.0
2025-06-04 21:30:00,1959.298044116776,0.0
2025-06-04 22:00:00,2012.7409155125013,0.0
2025-06-04 22:30:00,2026.4709464543396,0.0
2025-06-04 23:00:00,1951.7656930828537,0.0
2025-06-04 23:30:00,1914.3948384167707,0.0
2025-06-05 00:00:00,407.44457170521775,0.0
2025-06-05 00:30:00,431.45910685109686,0.0
2025-06-05 01:00:00,496.4612799662479,0.0
2025-06-05 01:30:00,428.2811191411058,0.0
2025-06-05 02:00:00,428.2378483172838,0.0
2025-06-05 02:30:00,362.84407578703076,0.0
2025-06-05 03:00:00,379.42778159452365,0.0
2025-06-05 03:30:00,252.17451710110512,0.0
2025-06-05 04:00:00,396.2380786160616,59.607600000000005
2025-06-05 04:30:00,429.4022418642525,115.49941176470588
2025-06-05 05:00:00,441.20152845207133,245.24132608695652
2025-06-05 05:30:00,379.508626631429,407.6690178571429
2025-06-05 06:00:00,580.9110967098521,328.4070238095238
2025-06-05 06:30:00,562.4392022299858,686.362
2025-06-05 07:00:00,696.373409371422,896.9451551724138
2025-06-05 07:30:00,493.66591457458105,1626.6040555555558
2025-06-05 08:00:00,528.2521466750632,2077.476442307692
2025-06-05 08:30:00,668.1142848420914,2460.075981818182
2025-06-05 09:00:00,626.991860543756,2869.5960377358488
2025-06-05 09:30:00,607.1137964952175,2893.2862807017545
2025-06-05 10:00:00,461.9515115215131,3623.232236363636
2025-06-05 10:30:00,376.4429195230536,3772.112327272728
2025-06-05 11:00:00,486.3934489123011,3555.819963636364
2025-06-05 11:30:00,543.5979432869377,2332.082083333333
2025-06-05 12:00:00,648.7375722585418,3494.030714285714
2025-06-05 12:30:00,426.95725886653906,3212.382928571428
2025-06-05 13:00:00,534.5807451114458,3755.780842105263
2025-06-05 13:30:00,492.67611853623026,3507.895603773585
2025-06-05 14:00:00,559.7675790537006,2070.889183333333
2025-06-05 14:30:00,717.0948070465056,2334.0738333333334
2025-06-05 15:00:00,636.4445544548153,2343.688589285714
2025-06-05 15:30:00,465.1753600292524,2371.865181818182
2025-06-05 16:00:00,483.389213123295,1979.956596491228
2025-06-05 16:30:00,472.2863094341871,1586.202290909091
2025-06-05 17:00:00,1962.4172654342688,1288.7023833333333
2025-06-05 17:30:00,1955.2295653889153,353.0313148148148
2025-06-05 18:00:00,2143.90728369148,145.8553921568627
2025-06-05 18:30:00,1985.4352202113635,80.3254761904762
2025-06-05 19:00:00,1945.5293775949785,33.70857142857143
2025-06-05 19:30:00,1921.2717477357455,0.0
2025-06-05 20:00:00,2093.219750497046,0.0
2025-06-05 20:30:00,1856.8285838267518,0.0
2025-06-05 21:00:00,1915.6160498734716,0.0
2025-06-05 21:30:00,1919.5552381999464,0.0
2025-06-05 22:00:00,1932.5662786614803,0.0
2025-06-05 22:30:00,1910.4219466652467,0.0
2025-06-05 23:00:00,2170.1746633925973,0.0
2025-06-05 23:30:00,2010.4690078476356,0.0
2025-06-06 00:00:00,486.76096948902415,0.0
2025-06-06 00:30:00,444.8215080644528,0.0
2025-06-06 01:00:00,442.16710383010377,0.0
2025-06-06 01:30:00,568.0342611189196,0.0
2025-06-06 02:00:00,254.5327270071931,0.0
2025-06-06 02:30:00,211.19131363084546,0.0
2025-06-06 03:00:00,252.98863778183147,0.0
2025-06-06 03:30:00,348.72912137628794,0.0
2025-06-06 04:00:00,391.3316043442051,107.06671428571428
2025-06-06 04:30:00,398.9391802711615,193.0485476190476
2025-06-06 05:00:00,440.0038226251172,285.5279318181818
2025-06-06 05:30:00,456.07188448859296,430.98951785714286
2025-06-06 06:00:00,702.6089143211628,511.2904716981132
2025-06-06 06:30:00,781.9829139389542,735.4199230769232
2025-06-06 07:00:00,499.0316442619676,1230.456781818182
2025-06-06 07:30:00,520.7966490140841,1574.7407500000002
2025-06-06 08:00:00,605.9608720942739,2018.272963636364
2025-06-06 08:30:00,532.2639916930405,2150.9140344827583
2025-06-06 09:00:00,538.4953056913573,2366.094915254237
2025-06-06 09:30:00,553.4504507044173,2214.364636363636
2025-06-06 10:00:00,620.1144232732054,1029.214125
2025-06-06 10:30:00,602.0197422000274,206.55177777777777
2025-06-06 11:00:00,586.133385531254,815.104962264151
2025-06-06 11:30:00,626.8428378533331,1650.7600943396228
2025-06-06 12:00:00,482.84601002908744,668.7246428571428
2025-06-06 12:30:00,460.7864032720711,726.6532037037038
2025-06-06 13:00:00,419.08272460497784,1267.8361694915254
2025-06-06 13:30:00,590.8007889754448,2680.4055
2025-06-06 14:00:00,508.00866703143924,935.8494745762712
2025-06-06 14:30:00,577.431096285027,1720.4849152542372
2025-06-06 15:00:00,708.9719174431445,1812.429396551724
2025-06-06 15:30:00,626.9389952203683,1758.1514736842107
2025-06-06 16:00:00,455.4307793317356,1109.8065254237288
2025-06-06 16:30:00,629.3132989840487,1266.3087142857144
2025-06-06 17:00:00,2193.8381657788123,1082.193192982456
2025-06-06 17:30:00,1959.8892738379168,430.09732
2025-06-06 18:00:00,2017.404980283184,87.37082352941177
2025-06-06 18:30:00,1925.963566509796,0.0
2025-06-06 19:00:00,1915.4756981250314,0.0
2025-06-06 19:30:00,2068.469532398464,0.0
2025-06-06 20:00:00,1982.9411402221988,0.0
2025-06-06 20:30:00,2052.911240360055,0.0
2025-06-06 21:00:00,2101.974857753961,0.0
2025-06-06 21:30:00,1868.2060122237394,0.0
2025-06-06 22:00:00,2080.1932435000085,0.0
2025-06-06 22:30:00,1808.4578285400098,0.0
2025-06-06 23:00:00,2002.517677930936,0.0
2025-06-06 23:30:00,2194.9572909401954,0.0
2025-06-07 00:00:00,500.694512714694,0.0
2025-06-07 00:30:00,646.8464849426489,0.0
2025-06-07 01:00:00,353.3954374128847,0.0
2025-06-07 01:30:00,443.33252184677275,0.0
2025-06-07 02:00:00,390.4673096765514,0.0
2025-06-07 02:30:00,492.3043628107894,0.0
2025-06-07 03:00:00,566.786397745272,0.0
2025-06-07 03:30:00,341.3985750234184,0.0
2025-06-07 04:00:00,509.2673839184297,71.11
2025-06-07 04:30:00,648.7826259181539,164.50675
2025-06-07 05:00:00,637.7762966584429,313.7362452830189
2025-06-07 05:30:00,424.99310912487834,512.9160961538462
2025-06-07 06:00:00,1168.1667899364716,679.78908
2025-06-07 06:30:00,1127.8467408290985,914.073075471698
2025-06-07 07:00:00,923.7082282071285,1180.3714444444445
2025-06-07 07:30:00,1126.9754345660263,1154.1269130434782
2025-06-07 08:00:00,1044.6491353713902,1092.967693877551
2025-06-07 08:30:00,1101.407400646119,1162.0820416666668
2025-06-07 09:00:00,1057.7440356940183,1365.8153157894735
2025-06-07 09:30:00,978.1081585833889,1627.3257115384615
2025-06-07 10:00:00,842.3944922926212,1687.864709090909
2025-06-07 10:30:00,951.4223727146326,2226.4185
2025-06-07 11:00:00,1066.31380726433,2658.528071428572
2025-06-07 11:30:00,912.5175422119557,1819.240425925926
2025-06-07 12:00:00,1907.0953913074716,2973.910642857142
2025-06-07 12:30:00,2010.3989631268328,2976.0761090909086
2025-06-07 13:00:00,2050.4254451378333,2582.572734693877
2025-06-07 13:30:00,1915.3897258549387,1799.832966101695
2025-06-07 14:00:00,743.9155846181717,1474.7591578947367
2025-06-07 14:30:00,730.8386604033972,928.3346724137932
2025-06-07 15:00:00,722.3315863190746,411.7462156862745
2025-06-07 15:30:00,700.11535957171,379.4470833333333
2025-06-07 16:00:00,734.3165809413376,242.9719803921569
2025-06-07 16:30:00,831.6711511045559,158.99089473684208
2025-06-07 17:00:00,974.7456775670161,144.365
2025-06-07 17:30:00,905.1704138803627,106.8711489361702
2025-06-07 18:00:00,2463.150744207398,70.42910810810811
2025-06-07 18:30:00,2480.5985324774997,29.35655555555556
2025-06-07 19:00:00,2686.721981658174,0.0
2025-06-07 19:30:00,2293.514562261302,0.0
2025-06-07 20:00:00,2654.9203906635353,0.0
2025-06-07 20:30:00,2572.55370367022,0.0
2025-06-07 21:00:00,2320.9099623303096,0.0
2025-06-07 21:30:00,2530.7780046005164,0.0
2025-06-07 22:00:00,2437.3388801039655,0.0
2025-06-07 22:30:00,2338.5818380130004,0.0
2025-06-07 23:00:00,2588.5341943002145,0.0
2025-06-07 23:30:00,2494.3580279428143,0.0
2025-06-08 00:00:00,682.5639432588601,0.0
2025-06-08 00:30:00,527.2550160077458,0.0
2025-06-08 01:00:00,527.5786286907856,0.0
2025-06-08 01:30:00,407.3305978494917,0.0
2025-06-08 02:00:00,687.8848800732438,0.0
2025-06-08 02:30:00,625.4164753485004,0.0
2025-06-08 03:00:00,485.2055779741922,0.0
2025-06-08 03:30:00,449.0304925892119,0.0
2025-06-08 04:00:00,570.3712224545164,58.65561904761905
2025-06-08 04:30:00,392.22072656724674,163.1016590909091
2025-06-08 05:00:00,673.7768589184841,269.0728363636363
2025-06-08 05:30:00,456.44122152512466,145.81110638297872
2025-06-08 06:00:00,970.2431541306848,171.9930222222222
2025-06-08 06:30:00,957.7362703099499,330.47704
2025-06-08 07:00:00,970.5274968600994,257.8221666666667
2025-06-08 07:30:00,1034.351977117578,491.0879038461538
2025-06-08 08:00:00,937.8137927520653,358.71346
2025-06-08 08:30:00,1046.8000837321606,701.3375
2025-06-08 09:00:00,1072.7131278981508,708.1645892857142
2025-06-08 09:30:00,1027.2268522059228,1398.7832586206898
2025-06-08 10:00:00,1011.6304922015648,2825.928982758621
2025-06-08 10:30:00,1026.0416580751025,2829.0336379310347
2025-06-08 11:00:00,970.0133820667739,2024.3539827586208
2025-06-08 11:30:00,1153.920416755041,2564.6389827586204
2025-06-08 12:00:00,1971.3818339510292,3102.9955892857142
2025-06-08 12:30:00,2130.6283270178974,3128.2149298245613
2025-06-08 13:00:00,2060.876261129455,2930.822740740741
2025-06-08 13:30:00,1924.4656882830348,2040.443
2025-06-08 14:00:00,770.2209333886867,2108.749736842105
2025-06-08 14:30:00,762.4118920853844,1927.644879310345
2025-06-08 15:00:00,895.7678594081999,968.8604339622642
2025-06-08 15:30:00,851.1860305484952,744.93886
2025-06-08 16:00:00,665.1740501794532,739.1558431372548
2025-06-08 16:30:00,732.4091529897144,602.6852444444444
2025-06-08 17:00:00,778.3335423484722,401.6156226415095
2025-06-08 17:30:00,827.6101486078093,209.9908695652174
2025-06-08 18:00:00,2659.0367885562655,136.31855319148934
2025-06-08 18:30:00,2608.0229744106073,37.517
2025-06-08 19:00:00,2554.9168159279834,0.0
2025-06-08 19:30:00,2465.893532811601,0.0
2025-06-08 20:00:00,2502.434353297623,0.0
2025-06-08 20:30:00,2573.8816746276234,0.0
2025-06-08 21:00:00,2407.8019215923987,0.0
2025-06-08 21:30:00,2396.7758141835748,0.0
2025-06-08 22:00:00,2567.969365471158,0.0
2025-06-08 22:30:00,2603.546196079063,0.0
2025-06-08 23:00:00,2493.1663120696076,0.0
2025-06-08 23:30:00,2601.493049258881,0.0
2025-06-09 00:00:00,514.5463052944858,0.0
2025-06-09 00:30:00,414.649528361559,0.0
2025-06-09 01:00:00,557.1295702669429,0.0
2025-06-09 01:30:00,548.9998943427915,0.0
2025-06-09 02:00:00,539.584040272138,0.0
2025-06-09 02:30:00,396.37908533295627,0.0
2025-06-09 03:00:00,304.8041074962364,0.0
2025-06-09 03:30:00,586.2752553044911,0.0
2025-06-09 04:00:00,559.3701576246717,41.79566666666667
2025-06-09 04:30:00,448.5126676354209,55.21693103448276
2025-06-09 05:00:00,398.8860889273953,126.12321428571428
2025-06-09 05:30:00,359.024077808407,330.01858
2025-06-09 06:00:00,714.5446564516492,694.0768571428571
2025-06-09 06:30:00,544.9036639757971,695.0604074074074
2025-06-09 07:00:00,423.33073805908214,653.0315370370371
2025-06-09 07:30:00,762.6521190357621,450.82166
2025-06-09 08:00:00,574.109704865366,654.2758461538461
2025-06-09 08:30:00,472.31176216671145,977.751298245614
2025-06-09 09:00:00,552.9042002295696,815.9562142857143
2025-06-09 09:30:00,487.9257737880047,864.4388867924528
2025-06-09 10:00:00,694.6108325640527,1069.1310701754385
2025-06-09 10:30:00,523.3118191076705,950.455
2025-06-09 11:00:00,470.30245224630255,1507.9597068965518
2025-06-09 11:30:00,671.0354229320039,1612.4149661016947
2025-06-09 12:00:00,470.79555322239764,1392.537220338983
2025-06-09 12:30:00,556.2495450709625,1278.994090909091
2025-06-09 13:00:00,445.45846673185326,609.0363620689654
2025-06-09 13:30:00,640.6901273700838,789.4862222222223
2025-06-09 14:00:00,615.3356242362156,1018.21008
2025-06-09 14:30:00,524.2906101005435,892.2091578947368
2025-06-09 15:00:00,553.6238393641074,456.0213684210527
2025-06-09 15:30:00,498.0624191616053,273.19914545454543
2025-06-09 16:00:00,428.3120070604017,142.13497959183675
2025-06-09 16:30:00,580.0823664318887,306.5893571428572
2025-06-09 17:00:00,1889.4411533671139,192.27558823529407
2025-06-09 17:30:00,1878.1894045232852,442.8401964285714
2025-06-09 18:00:00,1978.6735710523674,164.5343
2025-06-09 18:30:00,1863.771620812242,70.93922222222221
2025-06-09 19:00:00,1920.895394855427,0.0
2025-06-09 19:30:00,1988.518769382422,0.0
2025-06-09 20:00:00,2095.042567227177,0.0
2025-06-09 20:30:00,2044.242295147849,0.0
2025-06-09 21:00:00,2062.168485911407,0.0
2025-06-09 21:30:00,2002.87742790818,0.0
2025-06-09 22:00:00,1864.411653183743,0.0
2025-06-09 22:30:00,2087.9538206215943,0.0
2025-06-09 23:00:00,2070.37028980177,0.0
2025-06-09 23:30:00,2051.7998546662866,0.0
2025-06-10 00:00:00,427.38010912419355,0.0
2025-06-10 00:30:00,583.8595501975984,0.0
2025-06-10 01:00:00,488.94421691501356,0.0
2025-06-10 01:30:00,398.3440106473164,0.0
2025-06-10 02:00:00,322.86272046645047,0.0
2025-06-10 02:30:00,541.6300762471456,0.0
2025-06-10 03:00:00,525.1645925235364,0.0
2025-06-10 03:30:00,447.8068681902742,0.0
2025-06-10 04:00:00,461.069135376314,0.0
2025-06-10 04:30:00,391.4440887292497,88.20105
2025-06-10 05:00:00,299.9710376811331,220.074
2025-06-10 05:30:00,477.9800919454559,398.1081525423729
2025-06-10 06:00:00,519.6503002017638,597.440875
2025-06-10 06:30:00,731.9009986371971,722.8872352941175
2025-06-10 07:00:00,487.39783432049535,1470.479857142857
2025-06-10 07:30:00,679.5970091503114,1749.224537037037
2025-06-10 08:00:00,427.2557932046233,2127.388543859649
2025-06-10 08:30:00,669.9860679284545,1685.465051724138
2025-06-10 09:00:00,427.0348287062858,2561.4370517241377
2025-06-10 09:30:00,580.6193260065052,1211.5878983050848
2025-06-10 10:00:00,502.76111983413637,1206.53268
2025-06-10 10:30:00,470.19887569336515,1504.7771929824562
2025-06-10 11:00:00,568.372831468246,2196.8389649122805
2025-06-10 11:30:00,555.5372951454248,2652.3919491525426
2025-06-10 12:00:00,572.9868001085672,3730.961457627119
2025-06-10 12:30:00,615.8456149169045,2119.5782363636363
2025-06-10 13:00:00,719.9231963668576,3381.0544576271186
2025-06-10 13:30:00,663.4906436564295,3535.407849056604
2025-06-10 14:00:00,719.2697082826875,2525.834216666666
2025-06-10 14:30:00,545.3642991928444,3047.86034
2025-06-10 15:00:00,619.1696946281882,3044.86482
2025-06-10 15:30:00,600.5950422218466,2599.036392156863
2025-06-10 16:00:00,463.2370742642774,2256.367185185185
2025-06-10 16:30:00,601.3459102240159,1579.1491875
2025-06-10 17:00:00,1822.4720948525041,1376.2916842105265
2025-06-10 17:30:00,1885.3851843500152,908.7392037037038
2025-06-10 18:00:00,1784.6606472918006,403.7612037037037
2025-06-10 18:30:00,1983.745424379918,96.29486486486486
2025-06-10 19:00:00,2212.3692566013465,35.34471428571429
2025-06-10 19:30:00,2024.6795776445422,0.0
2025-06-10 20:00:00,1902.230763756139,0.0
2025-06-10 20:30:00,2016.1203908566888,0.0
2025-06-10 21:00:00,1900.3346715517046,0.0
2025-06-10 21:30:00,2005.0970320156432,0.0
2025-06-10 22:00:00,1989.3947783096821,0.0
2025-06-10 22:30:00,1995.9717706118875,0.0
2025-06-10 23:00:00,2120.932378471716,0.0
2025-06-10 23:30:00,2074.44195863623,0.0
2025-06-11 00:00:00,397.5912878770618,0.0
2025-06-11 00:30:00,383.70400949512725,0.0
2025-06-11 01:00:00,392.08657564535594,0.0
2025-06-11 01:30:00,462.77857157545714,0.0
2025-06-11 02:00:00,451.8472482848319,0.0
2025-06-11 02:30:00,602.8309813580588,0.0
2025-06-11 03:00:00,407.5680097143718,0.0
2025-06-11 03:30:00,467.69539063053,0.0
2025-06-11 04:00:00,446.26903124550853,65.12177272727273
2025-06-11 04:30:00,536.3163042581634,142.30348936170213
2025-06-11 05:00:00,546.1248458742521,255.18405454545453
2025-06-11 05:30:00,368.0301106444171,363.2316785714285
2025-06-11 06:00:00,594.1183632939695,599.2375000000001
2025-06-11 06:30:00,669.8395658285741,942.3363846153844
2025-06-11 07:00:00,780.432205844893,1179.3261724137933
2025-06-11 07:30:00,598.0009416943399,939.0878301886792
2025-06-11 08:00:00,441.47902157440365,1448.3600689655173
2025-06-11 08:30:00,540.6043196735492,2099.069403508772
2025-06-11 09:00:00,433.611425971082,1305.3226206896552
2025-06-11 09:30:00,500.63276583820436,2390.036305084745
2025-06-11 10:00:00,429.8512458586714,2020.788596491228
2025-06-11 10:30:00,393.7669987030973,2960.1819310344827
2025-06-11 11:00:00,629.1994153459996,2618.5271
2025-06-11 11:30:00,404.7338320898606,4163.002172413793
2025-06-11 12:00:00,509.8655470466947,2573.1431551724136
2025-06-11 12:30:00,479.6545389540646,1513.6103392857144
2025-06-11 13:00:00,607.3211644144046,761.3583898305084
2025-06-11 13:30:00,420.04348308787974,345.4956170212766
2025-06-11 14:00:00,340.5294845982851,789.0402181818182
2025-06-11 14:30:00,736.2501669784879,1607.2762586206898
2025-06-11 15:00:00,461.2776422716869,972.8964137931034
2025-06-11 15:30:00,542.5949053445761,1094.151
2025-06-11 16:00:00,499.19174520435763,1145.421206896552
2025-06-11 16:30:00,523.5513876640691,390.9133529411764
2025-06-11 17:00:00,2007.124458400576,331.8394509803922
2025-06-11 17:30:00,1987.985135881429,239.0068125
2025-06-11 18:00:00,2025.4783187063204,139.9455
2025-06-11 18:30:00,1978.5295585586896,82.72180555555556
2025-06-11 19:00:00,2025.987981925693,0.0
2025-06-11 19:30:00,2018.9725079124817,0.0
2025-06-11 20:00:00,2173.2380642025296,0.0
2025-06-11 20:30:00,1941.833803003297,0.0
2025-06-11 21:00:00,1975.6996837660613,0.0
2025-06-11 21:30:00,1992.9019678454154,0.0
2025-06-11 22:00:00,1809.1897522259176,0.0
2025-06-11 22:30:00,2009.2801461779818,0.0
2025-06-11 23:00:00,2139.7679052289327,0.0
2025-06-11 23:30:00,2027.4478836323663,0.0
2025-06-12 00:00:00,513.5825624901045,0.0
2025-06-12 00:30:00,389.2456563055024,0.0
2025-06-12 01:00:00,269.41660741898977,0.0
2025-06-12 01:30:00,419.610216489129,0.0
2025-06-12 02:00:00,635.4246503803487,0.0
2025-06-12 02:30:00,419.7081826487419,0.0
2025-06-12 03:00:00,515.2530109165934,0.0
2025-06-12 03:30:00,406.07225141276655,0.0
2025-06-12 04:00:00,245.87706965399008,59.8399
2025-06-12 04:30:00,411.0659501016221,95.95105555555556
2025-06-12 05:00:00,537.6650893708068,132.01689655172413
2025-06-12 05:30:00,595.6333916414187,160.154
2025-06-12 06:00:00,560.1014170640939,316.1509230769231
2025-06-12 06:30:00,576.3719252341346,719.368125
2025-06-12 07:00:00,689.59860983672,1200.8580784313726
2025-06-12 07:30:00,742.9523488189662,1693.3360784313725
2025-06-12 08:00:00,560.417380004425,2151.27214
2025-06-12 08:30:00,679.000204748719,2599.029857142857
2025-06-12 09:00:00,459.56463907432976,3002.905781818182
2025-06-12 09:30:00,618.8513866888914,3371.8629636363635
2025-06-12 10:00:00,583.4836393107626,3558.863074074074
2025-06-12 10:30:00,643.879574397842,2816.2615423728816
2025-06-12 11:00:00,655.7000610307466,2962.6726166666663
2025-06-12 11:30:00,446.32367688215106,2190.7836166666666
2025-06-12 12:00:00,592.4966960169281,2320.0327288135595
2025-06-12 12:30:00,482.2718200446068,2782.243881355932
2025-06-12 13:00:00,641.145617054855,3286.1322666666665
2025-06-12 13:30:00,599.8696300375667,4048.305535714285
2025-06-12 14:00:00,438.70914986842513,3243.3204912280703
2025-06-12 14:30:00,524.0688379546829,3372.9195666666665
2025-06-12 15:00:00,675.3349956475541,3242.5280566037736
2025-06-12 15:30:00,633.1793510307547,1367.958625
2025-06-12 16:00:00,711.472410772732,887.245574074074
2025-06-12 16:30:00,277.60400507884424,1255.77495
2025-06-12 17:00:00,1936.2781971571565,661.4662931034483
2025-06-12 17:30:00,1940.4748322166452,475.2366
2025-06-12 18:00:00,1891.9962341691278,332.20901923076923
2025-06-12 18:30:00,2026.1335909080815,106.19402173913043
2025-06-12 19:00:00,2050.723875641288,38.68973913043478
2025-06-12 19:30:00,2284.2047926231735,0.0
2025-06-12 20:00:00,2023.162996340919,0.0
2025-06-12 20:30:00,1998.2759902024684,0.0
2025-06-12 21:00:00,1874.5660013575946,0.0
2025-06-12 21:30:00,2002.545796048619,0.0
2025-06-12 22:00:00,2078.4365170638102,0.0
2025-06-12 22:30:00,1871.09199193591,0.0
2025-06-12 23:00:00,2174.069561715676,0.0
2025-06-12 23:30:00,1934.533196463159,0.0
2025-06-13 00:00:00,454.3923626346063,0.0
2025-06-13 00:30:00,582.9811983805167,0.0
2025-06-13 01:00:00,328.79505477396617,0.0
2025-06-13 01:30:00,549.9346850350677,0.0
2025-06-13 02:00:00,432.5829700634489,0.0
2025-06-13 02:30:00,443.85466841825956,0.0
2025-06-13 03:00:00,355.9139143617279,0.0
2025-06-13 03:30:00,417.90320080317235,0.0
2025-06-13 04:00:00,460.45232511725516,80.0029
2025-06-13 04:30:00,479.84978363923955,119.95215151515151
2025-06-13 05:00:00,245.24606208150098,156.43883783783784
2025-06-13 05:30:00,439.92269431628466,178.5094193548387
2025-06-13 06:00:00,711.8756227532468,325.1430769230769
2025-06-13 06:30:00,727.3580883800743,702.6780392156863
2025-06-13 07:00:00,609.8836261357526,1175.06364
2025-06-13 07:30:00,607.540339354969,1677.3453529411763
2025-06-13 08:00:00,754.7542785201056,2144.146603773585
2025-06-13 08:30:00,614.8726449766098,2560.5890384615386
2025-06-13 09:00:00,557.1057844413795,2891.7825
2025-06-13 09:30:00,578.3080612430633,2815.7552127659574
2025-06-13 10:00:00,424.7439373978152,2585.6236896551723
2025-06-13 10:30:00,533.122130919004,3756.174528301887
2025-06-13 11:00:00,554.0614627489357,3462.0095961538464
2025-06-13 11:30:00,339.367721067582,4001.180477272727
2025-06-13 12:00:00,626.605581045719,3741.615173913044
2025-06-13 12:30:00,529.5119843365682,3879.647320754717
2025-06-13 13:00:00,690.9131182417342,3750.2127142857134
2025-06-13 13:30:00,464.3439750179494,3563.6036875000004
2025-06-13 14:00:00,461.9258804012584,3395.8059361702126
2025-06-13 14:30:00,634.8026994942837,3181.044254901961
2025-06-13 15:00:00,604.5881923784993,2792.029157894737
2025-06-13 15:30:00,441.2602777388094,2461.892357142857
2025-06-13 16:00:00,546.1911827509648,2220.960963636364
2025-06-13 16:30:00,574.8169814044169,1814.5766666666664
2025-06-13 17:00:00,1904.916898305938,1017.9846181818182
2025-06-13 17:30:00,2001.4904038138477,890.9348846153846
2025-06-13 18:00:00,1901.2681464699833,285.83232692307695
2025-06-13 18:30:00,1874.5595316448134,72.69913953488373
2025-06-13 19:00:00,2095.7748553743977,45.50011764705882
2025-06-13 19:30:00,1816.0536319734915,0.0
2025-06-13 20:00:00,2064.956351674389,0.0
2025-06-13 20:30:00,2028.2317581098841,0.0
2025-06-13 21:00:00,2087.603019475705,0.0
2025-06-13 21:30:00,2070.1185680304097,0.0
2025-06-13 22:00:00,2262.844787108238,0.0
2025-06-13 22:30:00,2079.2345363674413,0.0
2025-06-13 23:00:00,1965.7496288991929,0.0
2025-06-13 23:30:00,1936.746364900901,0.0
2025-06-14 00:00:00,367.29085578126274,0.0
2025-06-14 00:30:00,505.41718605901195,0.0
2025-06-14 01:00:00,551.4302350118007,0.0
2025-06-14 01:30:00,297.895613630259,0.0
2025-06-14 02:00:00,635.9446768902153,0.0
2025-06-14 02:30:00,581.8422072478496,0.0
2025-06-14 03:00:00,671.7501851900768,0.0
2025-06-14 03:30:00,348.10936139202613,0.0
2025-06-14 04:00:00,442.69179146315076,0.0
2025-06-14 04:30:00,623.0756507165967,42.4369090909091
2025-06-14 05:00:00,364.0847639853947,102.94132432432431
2025-06-14 05:30:00,300.4501424205014,271.16447169811323
2025-06-14 06:00:00,900.8661414105879,395.31468627450977
2025-06-14 06:30:00,942.808226017073,489.9246428571428
2025-06-14 07:00:00,1135.6642721455225,661.0541509433963
2025-06-14 07:30:00,906.1686566046995,663.740625
2025-06-14 08:00:00,1083.5774648143577,781.3303928571429
2025-06-14 08:30:00,1019.8429597570594,946.39
2025-06-14 09:00:00,1155.4188583217356,1197.797894736842
2025-06-14 09:30:00,930.1509206294264,1019.3583454545457
2025-06-14 10:00:00,926.6192889399034,509.0842033898305
2025-06-14 10:30:00,924.5561718589993,591.2644666666667
2025-06-14 11:00:00,993.7129440383507,576.8774285714286
2025-06-14 11:30:00,1186.182649004335,772.4925740740741
2025-06-14 12:00:00,2078.9100299280854,825.7651886792453
2025-06-14 12:30:00,2088.1517806575293,1824.7501454545452
2025-06-14 13:00:00,1885.1838961163678,3273.7191833333336
2025-06-14 13:30:00,1774.0428828976685,3628.087803571429
2025-06-14 14:00:00,783.705309314232,2452.32155
2025-06-14 14:30:00,692.9034115557718,1400.1381666666666
2025-06-14 15:00:00,606.4021223872894,1267.3099310344826
2025-06-14 15:30:00,806.7296753789931,863.871320754717
2025-06-14 16:00:00,634.7168545420905,679.1896666666668
2025-06-14 16:30:00,1012.892513195621,278.55584090909093
2025-06-14 17:00:00,753.24721511742,272.97238
2025-06-14 17:30:00,838.010992331323,384.114701754386
2025-06-14 18:00:00,2729.0265795814585,192.2396976744186
2025-06-14 18:30:00,2543.4565599863718,81.25933333333333
2025-06-14 19:00:00,2307.9741536478714,0.0
2025-06-14 19:30:00,2528.2067498538977,0.0
2025-06-14 20:00:00,2380.483890626661,0.0
2025-06-14 20:30:00,2435.7031595316207,0.0
2025-06-14 21:00:00,2593.189951095268,0.0
2025-06-14 21:30:00,2451.222949043806,0.0
2025-06-14 22:00:00,2681.4818157869363,0.0
2025-06-14 22:30:00,2682.5233809351894,0.0
2025-06-14 23:00:00,2467.482263374585,0.0
2025-06-14 23:30:00,2622.781405808975,0.0
2025-06-15 00:00:00,405.7954794996905,0.0
2025-06-15 00:30:00,325.6100584792807,0.0
2025-06-15 01:00:00,541.6794301731892,0.0
2025-06-15 01:30:00,466.0390896523275,0.0
2025-06-15 02:00:00,484.83286452653454,0.0
2025-06-15 02:30:00,482.2492796448522,0.0
2025-06-15 03:00:00,516.9045307849284,0.0
2025-06-15 03:30:00,549.126554291713,0.0
2025-06-15 04:00:00,452.46030349502996,0.0
2025-06-15 04:30:00,599.6179487309157,0.0
2025-06-15 05:00:00,430.5931535932323,27.745666666666665
2025-06-15 05:30:00,698.3439620557456,30.823235294117648
2025-06-15 06:00:00,1034.4983788297116,48.258
2025-06-15 06:30:00,1011.7232647941786,171.12365217391306
2025-06-15 07:00:00,948.989270730425,281.2386785714286
2025-06-15 07:30:00,945.3373102406797,280.827125
2025-06-15 08:00:00,958.2517961093844,408.9743859649123
2025-06-15 08:30:00,1074.3984155493354,1353.06835
2025-06-15 09:00:00,1038.9547183860586,1131.0598392857144
2025-06-15 09:30:00,887.9385703094958,1161.692813559322
2025-06-15 10:00:00,1166.521238937401,1796.0054237288136
2025-06-15 10:30:00,923.4157394431354,3579.08
2025-06-15 11:00:00,886.2997003739148,2392.0303166666663
2025-06-15 11:30:00,1181.591284419799,2977.0638793103444
2025-06-15 12:00:00,1953.5479115124654,2629.9517966101694
2025-06-15 12:30:00,2162.5552696624377,2755.136842105263
2025-06-15 13:00:00,2075.7946137180634,1628.017051724138
2025-06-15 13:30:00,2018.0940327540031,2854.790322033898
2025-06-15 14:00:00,801.9899987079979,3291.5935263157894
2025-06-15 14:30:00,826.163851001352,3094.367490909091
2025-06-15 15:00:00,924.564401389616,2979.0638392857145
2025-06-15 15:30:00,693.0564421515303,2070.246372881356
2025-06-15 16:00:00,802.4271792668221,1960.6461694915251
2025-06-15 16:30:00,691.2184193027966,1500.8572711864406
2025-06-15 17:00:00,764.1330851486507,385.1985918367347
2025-06-15 17:30:00,574.007336218536,409.2413469387755
2025-06-15 18:00:00,2379.461574015936,271.22629411764706
2025-06-15 18:30:00,2587.368369092781,78.14458823529411
2025-06-15 19:00:00,2649.564751363377,9.81
2025-06-15 19:30:00,2569.440515116752,0.0
2025-06-15 20:00:00,2340.166202937803,0.0
2025-06-15 20:30:00,2479.4051333739494,0.0
2025-06-15 21:00:00,2456.446569687862,0.0
2025-06-15 21:30:00,2651.371009065618,0.0
2025-06-15 22:00:00,2661.137602141348,0.0
2025-06-15 22:30:00,2242.9623745067024,0.0
2025-06-15 23:00:00,2511.41405867565,0.0
2025-06-15 23:30:00,2394.9796480017144,0.0
2025-06-16 00:00:00,417.7712754230678,0.0
2025-06-16 00:30:00,376.6204647503647,0.0
2025-06-16 01:00:00,380.5767496959113,0.0
2025-06-16 01:30:00,323.3980420191093,0.0
2025-06-16 02:00:00,465.1746812847624,0.0
2025-06-16 02:30:00,392.2809937752695,0.0
2025-06-16 03:00:00,291.18052465730887,0.0
2025-06-16 03:30:00,425.86142044560745,0.0
2025-06-16 04:00:00,354.4729086747164,60.57028571428572
2025-06-16 04:30:00,230.93666246066658,91.056375
2025-06-16 05:00:00,633.091709609861,131.93624
2025-06-16 05:30:00,540.6945281648766,163.25507499999998
2025-06-16 06:00:00,749.9179457815574,325.1599
2025-06-16 06:30:00,613.8743518911874,678.18604
2025-06-16 07:00:00,423.0371403609887,1147.8088653846155
2025-06-16 07:30:00,573.7181881367289,1672.8137962962965
2025-06-16 08:00:00,570.543431957979,1951.984672727273
2025-06-16 08:30:00,546.4912573259456,2462.4782156862743
2025-06-16 09:00:00,736.6444546958387,2755.946942307693
2025-06-16 09:30:00,460.36738650267677,3013.2462884615384
2025-06-16 10:00:00,499.7833097761897,3231.91874
2025-06-16 10:30:00,670.8546051820883,3471.525448275862
2025-06-16 11:00:00,595.6221900053358,3574.55304
2025-06-16 11:30:00,515.1976805368269,3662.670754716981
2025-06-16 12:00:00,510.1451947933361,3655.0532156862746
2025-06-16 12:30:00,308.87650048341004,3743.492892857143
2025-06-16 13:00:00,516.1646981186818,3652.561148148148
2025-06-16 13:30:00,560.992518130771,3076.364964285714
2025-06-16 14:00:00,593.3329473108925,3087.2271016949157
2025-06-16 14:30:00,621.006019040915,2213.9617627118646
2025-06-16 15:00:00,390.86786481365783,2234.4501206896557
2025-06-16 15:30:00,452.99352588977285,2339.7034576271185
2025-06-16 16:00:00,467.29834455760397,1021.4331607142856
2025-06-16 16:30:00,432.81444445025227,716.4583928571428
2025-06-16 17:00:00,1973.4516247215586,692.7751428571429
2025-06-16 17:30:00,1931.8953923229333,493.9717169811321
2025-06-16 18:00:00,2067.49900748507,337.2538
2025-06-16 18:30:00,2005.405880454299,159.90407843137254
2025-06-16 19:00:00,2096.9103465668177,35.906615384615385
2025-06-16 19:30:00,1848.199488817743,0.0
2025-06-16 20:00:00,1985.2558359285738,0.0
2025-06-16 20:30:00,2189.428807450109,0.0
2025-06-16 21:00:00,1833.879330235447,0.0
2025-06-16 21:30:00,2099.926518564044,0.0
2025-06-16 22:00:00,1978.6718362034655,0.0
2025-06-16 22:30:00,1973.1616607812355,0.0
2025-06-16 23:00:00,1969.8280442752837,0.0
2025-06-16 23:30:00,1986.4808100459475,0.0
2025-06-17 00:00:00,326.8498216486278,0.0
2025-06-17 00:30:00,386.04993951055087,0.0
2025-06-17 01:00:00,550.6193055158815,0.0
2025-06-17 01:30:00,351.5200762546471,0.0
2025-06-17 02:00:00,458.3555259987699,0.0
2025-06-17 02:30:00,472.4411934032249,0.0
2025-06-17 03:00:00,325.72456163251036,0.0
2025-06-17 03:30:00,637.5185648548014,0.0
2025-06-17 04:00:00,381.5002891087966,60.95242857142858
2025-06-17 04:30:00,608.7233555262831,88.7861724137931
2025-06-17 05:00:00,424.32300956269455,143.0751081081081
2025-06-17 05:30:00,393.8552306972737,380.857403508772
2025-06-17 06:00:00,605.0671597341974,642.5066607142857
2025-06-17 06:30:00,649.9337243444891,747.7280344827586
2025-06-17 07:00:00,535.0421281287992,1161.8776274509803
2025-06-17 07:30:00,612.6488227333091,1610.7908039215688
2025-06-17 08:00:00,591.2226614166659,2069.9024561403508
2025-06-17 08:30:00,501.19445911888636,2129.446549019608
2025-06-17 09:00:00,498.41778005168254,2757.188345454545
2025-06-17 09:30:00,564.3480073538917,3020.089055555556
2025-06-17 10:00:00,619.6946992623203,3239.2176444444444
2025-06-17 10:30:00,506.65089871184125,3470.7308909090907
2025-06-17 11:00:00,571.7661867899877,3601.4915217391303
2025-06-17 11:30:00,571.8001173911965,3536.197160714285
2025-06-17 12:00:00,500.2547661203913,3298.37520754717
2025-06-17 12:30:00,567.6711505956241,3779.9385
2025-06-17 13:00:00,711.7120164078977,3482.61475
2025-06-17 13:30:00,658.6327996812402,3386.853927272727
2025-06-17 14:00:00,602.4932137328287,3234.3026111111108
2025-06-17 14:30:00,621.9366502862244,3072.50718
2025-06-17 15:00:00,541.7346516521413,2767.496482758621
2025-06-17 15:30:00,601.4403382773402,2463.388716981132
2025-06-17 16:00:00,754.6015948701152,1975.0327192982456
2025-06-17 16:30:00,429.3257307359,1354.5941525423727
2025-06-17 17:00:00,1923.6273330033725,979.35928
2025-06-17 17:30:00,2046.0460227094022,668.5990892857143
2025-06-17 18:00:00,1984.2782246017678,313.5582777777778
2025-06-17 18:30:00,1831.7962165477695,130.1071956521739
2025-06-17 19:00:00,2061.209968471892,46.72777777777778
2025-06-17 19:30:00,2168.205246000087,0.0
2025-06-17 20:00:00,2023.4404212303712,0.0
2025-06-17 20:30:00,1871.4554961131428,0.0
2025-06-17 21:00:00,1845.0593027583716,0.0
2025-06-17 21:30:00,2016.217156663344,0.0
2025-06-17 22:00:00,1961.271350707799,0.0
2025-06-17 22:30:00,2135.92878497159,0.0
2025-06-17 23:00:00,1972.3624563390863,0.0
2025-06-17 23:30:00,2021.998072197649,0.0
2025-06-18 00:00:00,628.9805325422574,0.0
2025-06-18 00:30:00,332.6480067145575,0.0
2025-06-18 01:00:00,253.7730140199184,0.0
2025-06-18 01:30:00,597.4068717194725,0.0
2025-06-18 02:00:00,484.4942909935486,0.0
2025-06-18 02:30:00,612.7884709381898,0.0
2025-06-18 03:00:00,571.2951692960702,0.0
2025-06-18 03:30:00,333.437834192842,0.0
2025-06-18 04:00:00,379.80022381768947,75.30273076923078
2025-06-18 04:30:00,547.3099094840611,139.01614285714285
2025-06-18 05:00:00,597.1724555918933,196.6999210526316
2025-06-18 05:30:00,400.21593255216294,302.9642857142857
2025-06-18 06:00:00,555.5586612769264,389.26682
2025-06-18 06:30:00,466.0532314451166,744.9157090909091
2025-06-18 07:00:00,733.8882870980688,1139.6474705882354
2025-06-18 07:30:00,560.1762705609079,1559.7306170212769
2025-06-18 08:00:00,583.1771288743469,1945.0317931034483
2025-06-18 08:30:00,773.4070913881442,2364.530145454545
2025-06-18 09:00:00,595.1556051044905,2615.251924528302
2025-06-18 09:30:00,571.7169367141386,2668.1504237288136
2025-06-18 10:00:00,566.6911770786462,2982.3231428571426
2025-06-18 10:30:00,574.287778138096,3235.060233333333
2025-06-18 11:00:00,582.1624781085742,3315.087909090909
2025-06-18 11:30:00,694.2056728410332,2516.6606
2025-06-18 12:00:00,448.90324698465,3172.8473
2025-06-18 12:30:00,532.2100653790523,2051.3140847457626
2025-06-18 13:00:00,655.3273947912728,3297.3439821428574
2025-06-18 13:30:00,530.2243944738613,3111.4266551724136
2025-06-18 14:00:00,529.4475571580828,3193.5516779661016
2025-06-18 14:30:00,736.8607962748563,3137.6973125
2025-06-18 15:00:00,578.1133236966361,2871.166206896552
2025-06-18 15:30:00,466.44595974543637,2574.189636363636
2025-06-18 16:00:00,216.3495328044873,2049.3007857142857
2025-06-18 16:30:00,529.4805766557573,1603.332
2025-06-18 17:00:00,2018.6750403250626,986.8833392857142
2025-06-18 17:30:00,1940.5519976924375,683.1540754716981
2025-06-18 18:00:00,2006.6396987772061,299.92977358490566
2025-06-18 18:30:00,2043.8965962350792,84.27434285714286
2025-06-18 19:00:00,1819.7552723632052,48.88969230769231
2025-06-18 19:30:00,2112.002432420214,0.0
2025-06-18 20:00:00,2056.8452290807463,0.0
2025-06-18 20:30:00,2091.821752981266,0.0
2025-06-18 21:00:00,2007.3283314659202,0.0
2025-06-18 21:30:00,1923.674775036884,0.0
2025-06-18 22:00:00,2033.016228955252,0.0
2025-06-18 22:30:00,1905.9364032605677,0.0
2025-06-18 23:00:00,1921.6008962365358,0.0
2025-06-18 23:30:00,2102.5434175706205,0.0
2025-06-19 00:00:00,456.96236563954085,0.0
2025-06-19 00:30:00,544.0723455491626,0.0
2025-06-19 01:00:00,382.0778877805926,0.0
2025-06-19 01:30:00,343.4506867064064,0.0
2025-06-19 02:00:00,349.5871250402054,0.0
2025-06-19 02:30:00,373.99549309714837,0.0
2025-06-19 03:00:00,360.11005706510366,0.0
2025-06-19 03:30:00,585.4132530363047,0.0
2025-06-19 04:00:00,410.61551778041445,67.94322222222223
2025-06-19 04:30:00,351.08353583986764,108.21826470588236
2025-06-19 05:00:00,509.608892046625,172.1944705882353
2025-06-19 05:30:00,505.3708729801728,220.9301
2025-06-19 06:00:00,684.3963595592377,366.6749361702128
2025-06-19 06:30:00,571.6053581676673,653.8945660377358
2025-06-19 07:00:00,560.9663209370287,1064.8045961538462
2025-06-19 07:30:00,591.5149651572518,1504.925787234043
2025-06-19 08:00:00,741.152356889628,1915.340327272727
2025-06-19 08:30:00,629.523837069422,2299.2268260869564
2025-06-19 09:00:00,525.6944685675243,2597.102
2025-06-19 09:30:00,531.3966383476043,2856.652204081633
2025-06-19 10:00:00,325.6919452396458,3119.237833333333
2025-06-19 10:30:00,440.47824204658593,2982.311418181818
2025-06-19 11:00:00,629.6658607309035,2558.5412727272724
2025-06-19 11:30:00,454.64846147866797,2977.9025087719297
2025-06-19 12:00:00,573.23389009248,2924.9143793103444
2025-06-19 12:30:00,697.4454710403763,2255.9184827586205
2025-06-19 13:00:00,424.9493279865625,1797.6912203389832
2025-06-19 13:30:00,585.4997066414645,2674.1362678571427
2025-06-19 14:00:00,505.36831330989037,1752.9473220338984
2025-06-19 14:30:00,397.27106446996015,714.981625
2025-06-19 15:00:00,637.3953312837473,937.425
2025-06-19 15:30:00,636.4150503355607,1687.5503448275863
2025-06-19 16:00:00,338.87677943414496,1484.9235
2025-06-19 16:30:00,441.62327955710344,1237.4325769230768
2025-06-19 17:00:00,1813.0943736158993,914.7856226415096
2025-06-19 17:30:00,2022.0701860829868,573.0069361702128
2025-06-19 18:00:00,2042.271910432788,297.35949019607847
2025-06-19 18:30:00,1888.8838282870702,121.17166666666668
2025-06-19 19:00:00,1999.0835628512782,0.0
2025-06-19 19:30:00,1809.5352135680073,0.0
2025-06-19 20:00:00,2069.160444966067,0.0
2025-06-19 20:30:00,1859.7934600429276,0.0
2025-06-19 21:00:00,1978.8198064684398,0.0
2025-06-19 21:30:00,2034.9375811792133,0.0
2025-06-19 22:00:00,2156.1227240940784,0.0
2025-06-19 22:30:00,2038.0865108777953,0.0
2025-06-19 23:00:00,2127.2248072738757,0.0
2025-06-19 23:30:00,2033.4508229172498,0.0
2025-06-20 00:00:00,414.41697523863655,0.0
2025-06-20 00:30:00,429.39894139846376,0.0
2025-06-20 01:00:00,600.9593217672711,0.0
2025-06-20 01:30:00,511.4025591032329,0.0
2025-06-20 02:00:00,576.7202654822324,0.0
2025-06-20 02:30:00,441.9717784374104,0.0
2025-06-20 03:00:00,455.12884399058896,0.0
2025-06-20 03:30:00,314.1631001113188,0.0
2025-06-20 04:00:00,399.08181503813285,0.0
2025-06-20 04:30:00,303.60890625241615,0.0
2025-06-20 05:00:00,645.3200262134749,58.465125
2025-06-20 05:30:00,538.8297356160705,119.31642222222222
2025-06-20 06:00:00,515.0980891785734,245.5185555555556
2025-06-20 06:30:00,602.8339086345239,174.5402
2025-06-20 07:00:00,461.08708102232623,183.89065217391305
2025-06-20 07:30:00,547.1804186516937,155.09684
2025-06-20 08:00:00,543.8130661930198,393.98745098039217
2025-06-20 08:30:00,604.9348237534707,817.3427192982457
2025-06-20 09:00:00,544.3146059028065,418.308152173913
2025-06-20 09:30:00,443.88648404010985,1004.3878928571428
2025-06-20 10:00:00,685.8995947918369,874.9316923076924
2025-06-20 10:30:00,628.0971593465734,319.64981632653064
2025-06-20 11:00:00,377.49105653974584,396.5498076923077
2025-06-20 11:30:00,512.243018104436,575.4571071428571
2025-06-20 12:00:00,602.9989494751719,922.0857321428572
2025-06-20 12:30:00,589.8060836897574,1390.9908
2025-06-20 13:00:00,488.04520477378213,1551.349627118644
2025-06-20 13:30:00,524.8142602445438,1675.8277333333333
2025-06-20 14:00:00,517.0739366848786,1102.8970862068966
2025-06-20 14:30:00,466.4851806576701,539.9597037037037
2025-06-20 15:00:00,477.732486987178,805.3375689655172
2025-06-20 15:30:00,593.1546691335087,1235.5504833333332
2025-06-20 16:00:00,597.1371328664248,848.091679245283
2025-06-20 16:30:00,444.2202166407847,622.6446153846153
2025-06-20 17:00:00,2115.6225369418694,771.5264736842105
2025-06-20 17:30:00,1899.2296408746286,544.107423076923
2025-06-20 18:00:00,1757.0103850698576,319.90403846153845
2025-06-20 18:30:00,1952.293959823744,152.0531
2025-06-20 19:00:00,2072.5586992685653,57.20974074074074
2025-06-20 19:30:00,1837.1735878926477,0.0
2025-06-20 20:00:00,2049.0476580898867,0.0
2025-06-20 20:30:00,2084.858991582439,0.0
2025-06-20 21:00:00,1914.6013404598134,0.0
2025-06-20 21:30:00,2139.0996290507387,0.0
2025-06-20 22:00:00,1838.0381372894353,0.0
2025-06-20 22:30:00,1972.0662791933053,0.0
2025-06-20 23:00:00,2017.7976727820292,0.0
2025-06-20 23:30:00,1931.8070222937215,0.0
2025-06-21 00:00:00,534.3825310634548,0.0
2025-06-21 00:30:00,379.8039385913258,0.0
2025-06-21 01:00:00,517.8453212568618,0.0
2025-06-21 01:30:00,544.9888616901451,0.0
2025-06-21 02:00:00,535.9245630426979,0.0
2025-06-21 02:30:00,445.90770260818476,0.0
2025-06-21 03:00:00,581.3672857750819,0.0
2025-06-21 03:30:00,488.92241057485336,0.0
2025-06-21 04:00:00,472.7147934215799,0.0
2025-06-21 04:30:00,595.8469956962182,61.8353125
2025-06-21 05:00:00,513.9922213722297,80.16699999999999
2025-06-21 05:30:00,480.1951864466867,221.2555344827586
2025-06-21 06:00:00,1095.2688463016902,526.1914821428571
2025-06-21 06:30:00,1078.9497062592611,738.010851851852
2025-06-21 07:00:00,1032.0592468937473,810.0643636363636
2025-06-21 07:30:00,946.8582934165945,1228.5014655172415
2025-06-21 08:00:00,1140.6945183392031,1385.5752542372882
2025-06-21 08:30:00,1064.5217010879076,786.0165555555556
2025-06-21 09:00:00,935.6221827824656,703.131224137931
2025-06-21 09:30:00,942.7522749636034,1600.7524464285714
2025-06-21 10:00:00,823.1918955120743,1771.601603448276
2025-06-21 10:30:00,1031.8732804737122,2753.503648148148
2025-06-21 11:00:00,1027.1445640083075,2474.636103448276
2025-06-21 11:30:00,1011.9202083808026,2297.5318245614035
2025-06-21 12:00:00,1973.8108023691113,1181.546448275862
2025-06-21 12:30:00,1880.8426942492688,383.249
2025-06-21 13:00:00,1886.539123850202,436.7538214285714
2025-06-21 13:30:00,2030.141148830405,964.7896607142856
2025-06-21 14:00:00,708.1638886160011,2519.4759310344825
2025-06-21 14:30:00,919.600069330834,1772.904183333333
2025-06-21 15:00:00,870.2602190473749,685.9585471698114
2025-06-21 15:30:00,836.8344529008643,1437.8044107142855
2025-06-21 16:00:00,901.6095770608554,1139.8654363636365
2025-06-21 16:30:00,809.156621735336,506.7539583333333
2025-06-21 17:00:00,815.7514354242488,492.6035
2025-06-21 17:30:00,837.6530636687623,825.6882203389831
2025-06-21 18:00:00,2590.7321562448533,100.99011111111112
2025-06-21 18:30:00,2463.950747792171,36.41672222222222
2025-06-21 19:00:00,2454.050852959962,0.0
2025-06-21 19:30:00,2464.0503250271427,0.0
2025-06-21 20:00:00,2419.251865730757,0.0
2025-06-21 20:30:00,2390.9026284948477,0.0
2025-06-21 21:00:00,2419.2625610712475,0.0
2025-06-21 21:30:00,2683.4515368515727,0.0
2025-06-21 22:00:00,2410.897979158364,0.0
2025-06-21 22:30:00,2696.145560963596,0.0
2025-06-21 23:00:00,2532.334395123576,0.0
2025-06-21 23:30:00,2408.7126895649153,0.0
2025-06-22 00:00:00,514.4503338209939,0.0
2025-06-22 00:30:00,528.055095905509,0.0
2025-06-22 01:00:00,460.4208529913011,0.0
2025-06-22 01:30:00,314.23908249182796,0.0
2025-06-22 02:00:00,475.01336669950035,0.0
2025-06-22 02:30:00,526.8444760067007,0.0
2025-06-22 03:00:00,384.8176815789208,0.0
2025-06-22 03:30:00,394.9076807988266,0.0
2025-06-22 04:00:00,524.1157266173143,35.344249999999995
2025-06-22 04:30:00,465.6834696970906,134.2601
2025-06-22 05:00:00,513.3637788188123,385.1756666666667
2025-06-22 05:30:00,468.9003584922928,249.8237368421053
2025-06-22 06:00:00,1108.351678147561,280.03498148148145
2025-06-22 06:30:00,904.3785049599753,720.521375
2025-06-22 07:00:00,1119.8925031029873,617.4936034482758
2025-06-22 07:30:00,1004.8434587419184,693.1977547169811
2025-06-22 08:00:00,1074.3401220954,662.6817142857143
2025-06-22 08:30:00,894.7113447736126,952.6125961538462
2025-06-22 09:00:00,939.7416554562298,1128.425
2025-06-22 09:30:00,1019.0545204949606,647.9342909090909
2025-06-22 10:00:00,883.6575659009682,1127.4727719298246
2025-06-22 10:30:00,989.7846954586361,1418.8221034482758
2025-06-22 11:00:00,882.0510602367514,1670.6863035714289
2025-06-22 11:30:00,1036.0077532771857,1055.3591551724137
2025-06-22 12:00:00,1838.223409456708,1299.6829333333333
2025-06-22 12:30:00,1956.5084191425535,2812.682491525424
2025-06-22 13:00:00,2005.8132575703808,3707.506813559322
2025-06-22 13:30:00,2072.709366802485,2277.550333333333
2025-06-22 14:00:00,710.9364271895447,1569.688603448276
2025-06-22 14:30:00,654.3430096778068,1963.027508474576
2025-06-22 15:00:00,629.8202847439218,1435.977603448276
2025-06-22 15:30:00,831.3827424597432,1252.1242068965516
2025-06-22 16:00:00,776.1351811499802,53.178
2025-06-22 16:30:00,926.8677406822383,86.8267027027027
2025-06-22 17:00:00,940.7654062358667,57.6559375
2025-06-22 17:30:00,900.0848996589871,0.0
2025-06-22 18:00:00,2490.147834728372,0.0
2025-06-22 18:30:00,2627.25713546712,0.0
2025-06-22 19:00:00,2583.2723995579227,32.379714285714286
2025-06-22 19:30:00,2440.532374612896,0.0
2025-06-22 20:00:00,2357.238052249458,0.0
2025-06-22 20:30:00,2456.3863445633033,0.0
2025-06-22 21:00:00,2352.681483918658,0.0
2025-06-22 21:30:00,2576.2085711488344,0.0
2025-06-22 22:00:00,2472.0820076922955,0.0
2025-06-22 22:30:00,2426.564512482524,0.0
2025-06-22 23:00:00,2478.8160584442185,0.0
2025-06-22 23:30:00,2604.220707457693,0.0
2025-06-23 00:00:00,344.4820828449577,0.0
2025-06-23 00:30:00,352.6659921152629,0.0
2025-06-23 01:00:00,509.29921251688194,0.0
2025-06-23 01:30:00,663.7508395391524,0.0
2025-06-23 02:00:00,391.0688286105898,0.0
2025-06-23 02:30:00,354.7335479319521,0.0
2025-06-23 03:00:00,418.7012801615883,0.0
2025-06-23 03:30:00,434.498374903452,0.0
2025-06-23 04:00:00,678.9403234829534,0.0
2025-06-23 04:30:00,654.8577205560888,145.59422448979592
2025-06-23 05:00:00,333.5187347139041,223.7042181818182
2025-06-23 05:30:00,232.52066352614037,310.9420727272727
2025-06-23 06:00:00,708.920315136631,487.6225344827586
2025-06-23 06:30:00,482.21199544740557,551.1255094339623
2025-06-23 07:00:00,571.7983460260571,896.9528135593221
2025-06-23 07:30:00,687.5699725919807,679.6892
2025-06-23 08:00:00,686.7297380738964,1487.2780677966102
2025-06-23 08:30:00,498.3289362819877,1457.1589655172413
2025-06-23 09:00:00,542.5764176744009,918.1419649122806
2025-06-23 09:30:00,524.2860951524626,1653.121666666667
2025-06-23 10:00:00,572.161180953277,1509.0166949152542
2025-06-23 10:30:00,585.0771563110492,1559.8460333333337
2025-06-23 11:00:00,481.2936875785311,978.0558103448276
2025-06-23 11:30:00,570.3199847551082,513.1226851851852
2025-06-23 12:00:00,407.85622936161275,1013.6764137931034
2025-06-23 12:30:00,555.7843020839318,679.0685423728814
2025-06-23 13:00:00,599.458059666809,750.459403508772
2025-06-23 13:30:00,558.0787237360994,745.9200545454546
2025-06-23 14:00:00,683.5380191126968,610.7445254237289
2025-06-23 14:30:00,702.8097880267742,794.3706071428571
2025-06-23 15:00:00,569.7686120534981,878.1535535714286
2025-06-23 15:30:00,462.5397938308013,838.1619811320754
2025-06-23 16:00:00,830.7852899188335,868.993076923077
2025-06-23 16:30:00,548.8201087365919,595.3736315789473
2025-06-23 17:00:00,1901.5456908029914,251.9111428571429
2025-06-23 17:30:00,2011.7707146360244,198.5219782608696
2025-06-23 18:00:00,1720.7105514034663,144.28706976744186
2025-06-23 18:30:00,2224.1440232111936,49.726444444444446
2025-06-23 19:00:00,2139.901022873516,0.0
2025-06-23 19:30:00,1902.4345467178832,0.0
2025-06-23 20:00:00,1914.8674814310916,0.0
2025-06-23 20:30:00,2040.7895626571576,0.0
2025-06-23 21:00:00,1940.2420156013177,0.0
2025-06-23 21:30:00,1793.9778464509723,0.0
2025-06-23 22:00:00,2067.677873874172,0.0
2025-06-23 22:30:00,1949.2606100671464,0.0
2025-06-23 23:00:00,1830.5813691196297,0.0
2025-06-23 23:30:00,1944.985806913629,0.0
2025-06-24 00:00:00,388.1395443840771,0.0
2025-06-24 00:30:00,450.4021165501918,0.0
2025-06-24 01:00:00,394.1619307726127,0.0
2025-06-24 01:30:00,463.17398421267603,0.0
2025-06-24 02:00:00,593.7839384651755,0.0
2025-06-24 02:30:00,482.33522940073317,0.0
2025-06-24 03:00:00,375.87952980893215,0.0
2025-06-24 03:30:00,396.1519479142843,0.0
2025-06-24 04:00:00,339.8946173803921,58.90592857142857
2025-06-24 04:30:00,396.1831451155626,96.53130303030302
2025-06-24 05:00:00,563.8364297512137,155.54902272727273
2025-06-24 05:30:00,591.8476688367242,187.86340476190475
2025-06-24 06:00:00,517.8815117918364,278.6301923076923
2025-06-24 06:30:00,557.4999324947506,599.1882678571428
2025-06-24 07:00:00,579.8704401411171,1092.5715636363636
2025-06-24 07:30:00,544.1728894644226,1813.855842105263
2025-06-24 08:00:00,577.8123385741673,2057.543344827586
2025-06-24 08:30:00,672.2601964421896,2782.65475
2025-06-24 09:00:00,538.9452095225216,2650.799620689655
2025-06-24 09:30:00,484.3793275053547,2010.368947368421
2025-06-24 10:00:00,609.4805293078268,2362.4256101694914
2025-06-24 10:30:00,541.6575262419025,2628.488666666666
2025-06-24 11:00:00,636.4106406763609,1760.3743636363636
2025-06-24 11:30:00,518.5711480758175,2354.485186440678
2025-06-24 12:00:00,562.6300390058228,2563.2636610169493
2025-06-24 12:30:00,523.8537934644041,2143.5185333333334
2025-06-24 13:00:00,549.8081248974321,2863.6081694915256
2025-06-24 13:30:00,486.2419697220634,3838.138775862069
2025-06-24 14:00:00,498.3845284267927,2828.449732142857
2025-06-24 14:30:00,337.7803982113554,2267.102813559322
2025-06-24 15:00:00,807.3310686898915,3112.999236363637
2025-06-24 15:30:00,559.7331146760895,2425.21893877551
2025-06-24 16:00:00,472.2451903358081,1836.1895423728813
2025-06-24 16:30:00,644.620533565474,1599.9754210526316
2025-06-24 17:00:00,2032.0666099828043,1362.7880545454543
2025-06-24 17:30:00,1919.5788203337013,790.0289215686274
2025-06-24 18:00:00,2067.8431134782036,351.64638461538465
2025-06-24 18:30:00,1945.7437845505322,153.1098085106383
2025-06-24 19:00:00,1905.196279131111,69.13744444444444
2025-06-24 19:30:00,1996.8084667542582,0.0
2025-06-24 20:00:00,1929.9177230449438,0.0
2025-06-24 20:30:00,1840.7871928051088,0.0
2025-06-24 21:00:00,2000.7577172308165,0.0
2025-06-24 21:30:00,2123.2568000238057,0.0
2025-06-24 22:00:00,1946.8771719077458,0.0
2025-06-24 22:30:00,2159.394155842971,0.0
2025-06-24 23:00:00,2011.2772120781053,0.0
2025-06-24 23:30:00,2003.2566603377372,0.0
2025-06-25 00:00:00,146.159349069825,0.0
2025-06-25 00:30:00,318.2393912208371,0.0
2025-06-25 01:00:00,677.0702214000279,0.0
2025-06-25 01:30:00,325.6185530623781,0.0
2025-06-25 02:00:00,412.5417863866992,0.0
2025-06-25 02:30:00,431.8296474120478,0.0
2025-06-25 03:00:00,404.6684591453018,0.0
2025-06-25 03:30:00,381.79439254715146,0.0
2025-06-25 04:00:00,380.30033536896167,0.0
2025-06-25 04:30:00,365.9763168566349,92.19164864864864
2025-06-25 05:00:00,348.9541722707269,185.3465
2025-06-25 05:30:00,506.8307430356186,184.74072222222225
2025-06-25 06:00:00,648.6493102356646,403.0586181818181
2025-06-25 06:30:00,656.1708036214851,647.1246140350878
2025-06-25 07:00:00,551.8827216140924,955.4130943396226
2025-06-25 07:30:00,657.8709266832705,1665.2611296296295
2025-06-25 08:00:00,577.5235326290559,1823.3213773584905
2025-06-25 08:30:00,563.5969375561502,2036.0189152542373
2025-06-25 09:00:00,509.7034021841244,2762.0082678571425
2025-06-25 09:30:00,702.4055941616282,2016.4766
2025-06-25 10:00:00,606.4310798718716,3197.1429473684207
2025-06-25 10:30:00,588.5766438399387,3679.9102115384617
2025-06-25 11:00:00,596.1085911010033,2065.465807017544
2025-06-25 11:30:00,435.02526975265124,3634.230264150943
2025-06-25 12:00:00,474.841454002674,3651.095740740741
2025-06-25 12:30:00,591.0490047803739,2740.485690909091
2025-06-25 13:00:00,427.4449934325383,3504.550375
2025-06-25 13:30:00,537.1831519847749,3257.71246
2025-06-25 14:00:00,465.6700997541328,3201.538355932204
2025-06-25 14:30:00,503.603343911332,3044.7130925925926
2025-06-25 15:00:00,515.4107451962738,1952.8043620689657
2025-06-25 15:30:00,526.3496020563448,1021.4328245614035
2025-06-25 16:00:00,444.3819244777932,303.7546551724138
2025-06-25 16:30:00,673.9834693700765,67.8515909090909
2025-06-25 17:00:00,1902.5701446469016,0.0
2025-06-25 17:30:00,1832.0628487623303,0.0
2025-06-25 18:00:00,2136.9869926883866,0.0
2025-06-25 18:30:00,1926.4789596360722,0.0
2025-06-25 19:00:00,2000.468236444584,0.0
2025-06-25 19:30:00,1942.3704854352268,0.0
2025-06-25 20:00:00,1853.2659128378568,0.0
2025-06-25 20:30:00,2178.2028909572937,0.0
2025-06-25 21:00:00,1906.2250155003435,0.0
2025-06-25 21:30:00,2018.1343611698996,0.0
2025-06-25 22:00:00,1931.8359896389568,0.0
2025-06-25 22:30:00,1984.7982223989472,0.0
2025-06-25 23:00:00,2028.4506438227659,0.0
2025-06-25 23:30:00,2053.999771236774,0.0
2025-06-26 00:00:00,637.9080928276178,0.0
2025-06-26 00:30:00,508.7011438102084,0.0
2025-06-26 01:00:00,290.18463674459247,0.0
2025-06-26 01:30:00,470.75866928643813,0.0
2025-06-26 02:00:00,603.2411748267835,0.0
2025-06-26 02:30:00,497.2187707586935,0.0
2025-06-26 03:00:00,525.4088072834762,0.0
2025-06-26 03:30:00,324.2519495197565,0.0
2025-06-26 04:00:00,328.33605269326307,52.40766666666667
2025-06-26 04:30:00,379.7091308345525,125.1376153846154
2025-06-26 05:00:00,373.3993563519153,324.1934255319149
2025-06-26 05:30:00,378.94879282038903,390.64386
2025-06-26 06:00:00,494.1468180071429,503.2034791666667
2025-06-26 06:30:00,708.687448882126,684.9334081632653
2025-06-26 07:00:00,538.6893981063214,1010.7701698113208
2025-06-26 07:30:00,663.3832987688517,1497.9865454545454
2025-06-26 08:00:00,531.0173816146939,1945.1053673469387
2025-06-26 08:30:00,534.8316740690025,0.0
2025-06-26 09:00:00,629.5346873632827,2769.0514772727274
2025-06-26 09:30:00,364.6294193846734,2176.48005
2025-06-26 10:00:00,466.682999483681,3174.139982142857
2025-06-26 10:30:00,635.1269457615715,3095.059140350877
2025-06-26 11:00:00,692.5289289119089,3159.3897
2025-06-26 11:30:00,681.4282877999378,3072.339915254237
2025-06-26 12:00:00,524.0522383322899,3861.8805
2025-06-26 12:30:00,630.5250457180061,3697.37775
2025-06-26 13:00:00,706.7581076502729,3658.5675
2025-06-26 13:30:00,694.6745131141251,3470.4438571428573
2025-06-26 14:00:00,534.4944743560349,2527.1313800000003
2025-06-26 14:30:00,582.5262155630292,1819.8249827586208
2025-06-26 15:00:00,578.0309161171825,2736.694634615385
2025-06-26 15:30:00,672.2842085456299,1978.4379827586208
2025-06-26 16:00:00,369.05917731537954,1801.469813559322
2025-06-26 16:30:00,727.9109953948704,1708.476418181818
2025-06-26 17:00:00,1973.6563960244364,733.8614035087719
2025-06-26 17:30:00,1869.2105421209822,809.25848
2025-06-26 18:00:00,2210.0303144513064,341.69920370370374
2025-06-26 18:30:00,2134.4188129930694,84.97603333333333
2025-06-26 19:00:00,1858.5868522011056,37.240142857142864
2025-06-26 19:30:00,2124.4192874693963,0.0
2025-06-26 20:00:00,2032.2836268739668,0.0
2025-06-26 20:30:00,1928.2239814400978,0.0
2025-06-26 21:00:00,2037.2625277324107,0.0
2025-06-26 21:30:00,2010.7220088850936,0.0
2025-06-26 22:00:00,1953.9543312142987,0.0
2025-06-26 22:30:00,2015.457394439822,0.0
2025-06-26 23:00:00,1842.7436074691077,0.0
2025-06-26 23:30:00,1932.1315487591821,0.0
2025-06-27 00:00:00,485.9018362734329,0.0
2025-06-27 00:30:00,323.8509333957877,0.0
2025-06-27 01:00:00,490.1424904564503,0.0
2025-06-27 01:30:00,381.42107308509446,0.0
2025-06-27 02:00:00,289.95550859767513,0.0
2025-06-27 02:30:00,515.8522050701413,0.0
2025-06-27 03:00:00,299.97056290869165,0.0
2025-06-27 03:30:00,470.0775872332655,0.0
2025-06-27 04:00:00,435.5575266055894,43.740375
2025-06-27 04:30:00,375.74115793199655,99.19607692307692
2025-06-27 05:00:00,576.6472176501237,184.12529629629628
2025-06-27 05:30:00,443.39287580170077,295.0924117647059
2025-06-27 06:00:00,598.6935662994665,343.4778771929825
2025-06-27 06:30:00,642.4020922294103,844.1906041666666
2025-06-27 07:00:00,626.0415797126835,820.564947368421
2025-06-27 07:30:00,548.2843226242215,1576.0266603773584
2025-06-27 08:00:00,582.825795757696,1868.726096153846
2025-06-27 08:30:00,642.951907449387,2288.257381818182
2025-06-27 09:00:00,620.7124559679618,2783.1739285714284
2025-06-27 09:30:00,650.139201121287,2910.901277777777
2025-06-27 10:00:00,506.59781981181914,3054.007568627451
2025-06-27 10:30:00,724.6363827086449,3154.9103125
2025-06-27 11:00:00,617.6684869263441,3351.934296296296
2025-06-27 11:30:00,455.81346815470454,3394.525622222222
2025-06-27 12:00:00,495.2959456688557,3506.37838
2025-06-27 12:30:00,596.1387572767476,2640.482842105263
2025-06-27 13:00:00,549.7161277092329,2619.285965517241
2025-06-27 13:30:00,570.7360157492445,1951.9974310344824
2025-06-27 14:00:00,684.3343693523852,1596.0955283018866
2025-06-27 14:30:00,542.0925575391752,1205.9148363636364
2025-06-27 15:00:00,581.8316615104422,1208.5822105263155
2025-06-27 15:30:00,481.1416943546561,555.4605762711864
2025-06-27 16:00:00,571.846830284795,221.6769807692308
2025-06-27 16:30:00,568.3619565800276,374.450962264151
2025-06-27 17:00:00,1825.0851912315738,811.788962962963
2025-06-27 17:30:00,1789.6776747241875,677.4465084745763
2025-06-27 18:00:00,2220.07182440026,353.30582608695653
2025-06-27 18:30:00,1958.268112530056,76.70377142857143
2025-06-27 19:00:00,2076.735821521276,22.845333333333333
2025-06-27 19:30:00,1916.9780974212106,0.0
2025-06-27 20:00:00,2086.5222255162007,0.0
2025-06-27 20:30:00,1884.0605907984936,0.0
2025-06-27 21:00:00,1767.754447948605,0.0
2025-06-27 21:30:00,2082.721216951154,0.0
2025-06-27 22:00:00,1941.731959454141,0.0
2025-06-27 22:30:00,2020.9246317163313,0.0
2025-06-27 23:00:00,1953.0489332082195,0.0
2025-06-27 23:30:00,2077.414941096584,0.0
2025-06-28 00:00:00,668.7163705729098,0.0
2025-06-28 00:30:00,663.1745097105031,0.0
2025-06-28 01:00:00,357.43953548342404,0.0
2025-06-28 01:30:00,533.3911902649857,0.0
2025-06-28 02:00:00,477.759550648294,0.0
2025-06-28 02:30:00,656.3338344217716,0.0
2025-06-28 03:00:00,599.8831535396357,0.0
2025-06-28 03:30:00,602.0535039579848,0.0
2025-06-28 04:00:00,420.80968244406665,84.48303448275861
2025-06-28 04:30:00,429.4632131031858,166.58447619047618
2025-06-28 05:00:00,398.5786610204017,264.88046875
2025-06-28 05:30:00,434.444416632201,332.5210857142857
2025-06-28 06:00:00,1011.792844010858,433.01697777777775
2025-06-28 06:30:00,974.7908832122431,693.7586727272727
2025-06-28 07:00:00,1050.29773433202,1023.320340425532
2025-06-28 07:30:00,1060.249514221161,1435.2460444444444
2025-06-28 08:00:00,934.5443403477784,1793.723755102041
2025-06-28 08:30:00,920.527691649443,2155.732591836734
2025-06-28 09:00:00,900.7501706851544,2465.094
2025-06-28 09:30:00,963.1300520598859,2721.547851851852
2025-06-28 10:00:00,1031.2034816208593,2961.143
2025-06-28 10:30:00,1059.9156703670183,3129.036188679245
2025-06-28 11:00:00,984.5648479314525,3246.427150943396
2025-06-28 11:30:00,999.2987307002758,3331.8844363636363
2025-06-28 12:00:00,2192.9973264392106,3331.04326
2025-06-28 12:30:00,2077.278651387469,1423.8286346153848
2025-06-28 13:00:00,1800.657392873249,1320.622105263158
2025-06-28 13:30:00,1961.4376495950175,304.76714285714286
2025-06-28 14:00:00,617.248123363564,347.6157592592593
2025-06-28 14:30:00,810.0026174677804,584.7982142857143
2025-06-28 15:00:00,810.3987122317772,1083.6792727272727
2025-06-28 15:30:00,834.6823038511161,459.47203636363633
2025-06-28 16:00:00,867.9363588351154,103.72114583333332
2025-06-28 16:30:00,789.9706101917029,71.01848571428572
2025-06-28 17:00:00,882.3754906627754,135.690275
2025-06-28 17:30:00,836.033826877061,165.79286842105262
2025-06-28 18:00:00,2511.9954311626266,82.57335
2025-06-28 18:30:00,2635.377585545188,53.98732352941176
2025-06-28 19:00:00,2407.371778070081,30.48864705882353
2025-06-28 19:30:00,2493.296396329582,0.0
2025-06-28 20:00:00,2554.031848086292,0.0
2025-06-28 20:30:00,2475.844703785618,0.0
2025-06-28 21:00:00,2582.8000178215957,0.0
2025-06-28 21:30:00,2479.982660807582,0.0
2025-06-28 22:00:00,2441.547793606463,0.0
2025-06-28 22:30:00,2396.523303518218,0.0
2025-06-28 23:00:00,2483.833058628633,0.0
2025-06-28 23:30:00,2583.567480040875,0.0
2025-06-29 00:00:00,487.6489477183581,0.0
2025-06-29 00:30:00,521.9477719719308,0.0
2025-06-29 01:00:00,475.56382479359377,0.0
2025-06-29 01:30:00,413.0197449287745,0.0
2025-06-29 02:00:00,385.0634549620311,0.0
2025-06-29 02:30:00,670.871259334887,0.0
2025-06-29 03:00:00,474.4937945902976,0.0
2025-06-29 03:30:00,523.916572148291,0.0
2025-06-29 04:00:00,471.6599292309301,75.9995294117647
2025-06-29 04:30:00,547.1801787862191,173.72183720930232
2025-06-29 05:00:00,430.24581005448374,358.0994782608696
2025-06-29 05:30:00,529.3552434158582,389.29048
2025-06-29 06:00:00,999.8942399953737,332.88791379310345
2025-06-29 06:30:00,1108.886341803645,296.0161153846154
2025-06-29 07:00:00,915.6965548479376,656.9033265306123
2025-06-29 07:30:00,845.0241708886105,839.6515531914894
2025-06-29 08:00:00,1210.5466273808324,706.8241395348837
2025-06-29 08:30:00,876.3315002298912,571.0909111111112
2025-06-29 09:00:00,1116.392198048359,864.4563396226415
2025-06-29 09:30:00,1092.0089698429488,954.8065625
2025-06-29 10:00:00,1050.9442782229082,970.7238771929824
2025-06-29 10:30:00,1153.492052072062,673.7019444444444
2025-06-29 11:00:00,1022.5725103166593,2148.6424
2025-06-29 11:30:00,999.6272853239163,2602.908775862069
2025-06-29 12:00:00,2124.275429077035,2489.568483333333
2025-06-29 12:30:00,1895.0661378939874,2028.6126785714284
2025-06-29 13:00:00,2074.008362834243,2540.0353214285715
2025-06-29 13:30:00,2012.1702454190513,2939.2302777777777
2025-06-29 14:00:00,711.0220301589965,1580.3010363636365
2025-06-29 14:30:00,768.1692883469711,1171.6576949152543
2025-06-29 15:00:00,977.1164016779575,695.5624821428572
2025-06-29 15:30:00,740.5378530624499,699.1426428571428
2025-06-29 16:00:00,791.8163707803155,753.0126964285715
2025-06-29 16:30:00,860.572811473026,464.3329655172414
2025-06-29 17:00:00,681.3862931846907,231.3797090909091
2025-06-29 17:30:00,565.6840769299711,76.13943333333333
2025-06-29 18:00:00,2593.7032922656886,37.57384615384616
2025-06-29 18:30:00,2307.6830111853346,0.0
2025-06-29 19:00:00,2541.1542504436297,0.0
2025-06-29 19:30:00,2346.7543536080693,0.0
2025-06-29 20:00:00,2504.9722138593297,0.0
2025-06-29 20:30:00,2449.341008801989,0.0
2025-06-29 21:00:00,2614.995210708374,0.0
2025-06-29 21:30:00,2500.26401473938,0.0
2025-06-29 22:00:00,2722.2573896014987,0.0
2025-06-29 22:30:00,2310.130621730722,0.0
2025-06-29 23:00:00,2628.9000602072433,0.0
2025-06-29 23:30:00,2346.6405097254114,0.0
2025-06-30 00:00:00,268.59531477908155,0.0
2025-06-30 00:30:00,524.5829877122347,0.0
2025-06-30 01:00:00,472.57062038416467,0.0
2025-06-30 01:30:00,461.8974201311302,0.0
2025-06-30 02:00:00,396.8211393220271,0.0
2025-06-30 02:30:00,283.0850341608816,0.0
2025-06-30 03:00:00,369.44991440841153,0.0
2025-06-30 03:30:00,441.52530831436314,0.0
2025-06-30 04:00:00,233.48797496214183,0.0
2025-06-30 04:30:00,388.32996732362335,141.06066666666666
2025-06-30 05:00:00,515.1407442317148,131.86430357142856
2025-06-30 05:30:00,458.8273155428857,219.16342592592596
2025-06-30 06:00:00,501.46680835420733,615.465152542373
2025-06-30 06:30:00,568.9385914776102,864.2535714285714
2025-06-30 07:00:00,432.38609616102065,1263.1916666666666
2025-06-30 07:30:00,528.881592762599,1024.085037037037
2025-06-30 08:00:00,651.6419177748454,1312.9779454545453
2025-06-30 08:30:00,654.7708769057922,924.3499649122806
2025-06-30 09:00:00,611.7773297085531,780.500894736842
2025-06-30 09:30:00,729.5542904421172,908.3580689655172
2025-06-30 10:00:00,602.9680571446887,787.1398333333333
2025-06-30 10:30:00,466.6270845304461,851.9665862068965
2025-06-30 11:00:00,500.0588862266543,490.3058
2025-06-30 11:30:00,676.4650181080689,844.0592999999999
2025-06-30 12:00:00,624.7480855243613,880.83375
2025-06-30 12:30:00,636.9001378577402,1274.6201636363637
2025-06-30 13:00:00,578.104728081973,1724.8123137254902
2025-06-30 13:30:00,452.6662862363738,1666.524672727273
2025-06-30 14:00:00,554.1320711736225,1753.742559322034
2025-06-30 14:30:00,416.01079365458725,971.5927413793104
2025-06-30 15:00:00,640.3780143332875,1379.126962264151
2025-06-30 15:30:00,627.7386107041777,1306.1604814814814
2025-06-30 16:00:00,464.79418899689875,1412.1649122807016
2025-06-30 16:30:00,602.5777754551217,1027.5716538461538
2025-06-30 17:00:00,1983.2359240015596,704.6453636363636
2025-06-30 17:30:00,1934.895238214232,368.8545686274509
2025-06-30 18:00:00,1903.9214935145967,250.00394642857145
2025-06-30 18:30:00,2017.340915644104,81.0541
2025-06-30 19:00:00,2078.9869446356793,0.0
2025-06-30 19:30:00,1941.126585096154,0.0
2025-06-30 20:00:00,2064.9302669072567,0.0
2025-06-30 20:30:00,2033.4139759346792,0.0
2025-06-30 21:00:00,2007.192182208766,0.0
2025-06-30 21:30:00,1923.4976858428292,0.0
2025-06-30 22:00:00,2001.1522146024777,0.0
2025-06-30 22:30:00,1860.9093767787288,0.0
2025-06-30 23:00:00,1959.29535365031,0.0
2025-06-30 23:30:00,2041.5427668862555,0.0
2025-07-01 00:00:00,386.97673115866405,0.0
2025-07-01 00:30:00,454.3392673867356,0.0
2025-07-01 01:00:00,560.571600529348,0.0
2025-07-01 01:30:00,403.77136557702096,0.0
2025-07-01 02:00:00,619.9816368389908,0.0
2025-07-01 02:30:00,432.18273447638353,0.0
2025-07-01 03:00:00,543.3248661694196,0.0
2025-07-01 03:30:00,466.678537555583,0.0
2025-07-01 04:00:00,377.219225662972,0.0
2025-07-01 04:30:00,465.83758600599407,45.027625
2025-07-01 05:00:00,456.13013269857817,66.36938461538462
2025-07-01 05:30:00,491.62087719922584,204.09208695652177
2025-07-01 06:00:00,660.273218325908,370.5655384615384
2025-07-01 06:30:00,605.0600444558249,550.3198909090909
2025-07-01 07:00:00,601.8370509070284,616.6632727272728
2025-07-01 07:30:00,504.58810453374394,751.1691428571429
2025-07-01 08:00:00,591.0817987940275,1261.7125
2025-07-01 08:30:00,694.3571495959612,1239.1241754385965
2025-07-01 09:00:00,509.71660036782987,1296.1461607142858
2025-07-01 09:30:00,562.510283086538,1686.5351016949153
2025-07-01 10:00:00,634.7890651777204,1698.5060877192982
2025-07-01 10:30:00,562.2738372845512,1671.1583725490198
2025-07-01 11:00:00,439.3236491141084,1622.1633454545454
2025-07-01 11:30:00,518.6541894314936,1791.4217142857142
2025-07-01 12:00:00,503.90597204790913,2002.825655172414
2025-07-01 12:30:00,623.0142606180457,1468.8003076923076
2025-07-01 13:00:00,416.1724606544863,2430.140440677966
2025-07-01 13:30:00,724.4079820226211,3035.9696779661017
2025-07-01 14:00:00,804.9457319459203,2675.581446428572
2025-07-01 14:30:00,494.66992531517434,3221.2327931034483
2025-07-01 15:00:00,573.3209010254822,3195.8259298245616
2025-07-01 15:30:00,585.1776097462616,2762.3192692307694
2025-07-01 16:00:00,508.38430458487716,1925.7336037735847
2025-07-01 16:30:00,708.0499627576708,1793.86578
2025-07-01 17:00:00,2032.3414509899126,1194.6085454545455
2025-07-01 17:30:00,2069.373819959193,485.04267857142855
2025-07-01 18:00:00,2026.975552614748,248.9480701754386
2025-07-01 18:30:00,2105.102576588873,99.64164
2025-07-01 19:00:00,1981.8774637704857,42.80046153846153
2025-07-01 19:30:00,2048.4035964192913,0.0
2025-07-01 20:00:00,2030.6667699548366,0.0
2025-07-01 20:30:00,2100.3273125471856,0.0
2025-07-01 21:00:00,1899.1241942528577,0.0
2025-07-01 21:30:00,2050.929199597624,0.0
2025-07-01 22:00:00,2049.4616453831904,0.0
2025-07-01 22:30:00,2090.6498255595634,0.0
2025-07-01 23:00:00,1870.325166966088,0.0
2025-07-01 23:30:00,2208.4340468806786,0.0
2025-07-02 00:00:00,449.32837637795313,0.0
2025-07-02 00:30:00,534.2622507386594,0.0
2025-07-02 01:00:00,414.5347419372812,0.0
2025-07-02 01:30:00,290.3663263325426,0.0
2025-07-02 02:00:00,258.05798380890235,0.0
2025-07-02 02:30:00,588.2531271645241,0.0
2025-07-02 03:00:00,393.1728415837354,0.0
2025-07-02 03:30:00,602.522048175221,0.0
2025-07-02 04:00:00,493.4054007174436,71.25341176470589
2025-07-02 04:30:00,385.0262045160134,153.5885652173913
2025-07-02 05:00:00,512.0385687192914,235.78179545454543
2025-07-02 05:30:00,631.1338040733688,312.312320754717
2025-07-02 06:00:00,556.5130418275569,360.70792857142857
2025-07-02 06:30:00,581.5315121457292,577.1267627118644
2025-07-02 07:00:00,748.5690856068434,802.1527454545454
2025-07-02 07:30:00,522.2045215604721,926.2206666666666
2025-07-02 08:00:00,545.2822641892524,742.4653018867924
2025-07-02 08:30:00,475.791872857862,1391.5867118644069
2025-07-02 09:00:00,682.9435741822404,1564.3476333333333
2025-07-02 09:30:00,627.0880113838183,1375.257403508772
2025-07-02 10:00:00,580.1349328605305,1774.1589821428572
2025-07-02 10:30:00,505.5523166013143,3354.811983333333
2025-07-02 11:00:00,555.8543699646302,3394.8862631578945
2025-07-02 11:30:00,467.1473078352936,2701.829525423729
2025-07-02 12:00:00,508.1771505103154,2253.2334310344827
2025-07-02 12:30:00,436.28327008803126,2236.8017627118643
2025-07-02 13:00:00,605.1162742963645,1819.680375
2025-07-02 13:30:00,543.9268691885098,2519.740701754386
2025-07-02 14:00:00,382.39180270704816,2638.450396551724
2025-07-02 14:30:00,473.07871198211495,3318.832684210526
2025-07-02 15:00:00,627.618736475368,2187.9131228070173
2025-07-02 15:30:00,399.3833409760354,1432.7105789473685
2025-07-02 16:00:00,562.4148075525649,1631.2393333333334
2025-07-02 16:30:00,457.6531903200544,766.9334727272727
2025-07-02 17:00:00,1820.2658328570362,633.9297169811321
2025-07-02 17:30:00,1928.4999591144542,335.7697818181818
2025-07-02 18:00:00,1989.1188631400369,138.34982926829267
2025-07-02 18:30:00,2104.8207053272395,97.7036875
2025-07-02 19:00:00,1792.4009054739145,34.0555
2025-07-02 19:30:00,1889.994551249341,0.0
2025-07-02 20:00:00,2052.341076562797,0.0
2025-07-02 20:30:00,2039.5585222825184,0.0
2025-07-02 21:00:00,1928.3781584554945,0.0
2025-07-02 21:30:00,2198.5470399661385,0.0
2025-07-02 22:00:00,1913.866353831477,0.0
2025-07-02 22:30:00,1954.9624519600147,0.0
2025-07-02 23:00:00,1841.8585543262693,0.0
2025-07-02 23:30:00,2070.9125999743287,0.0
2025-07-03 00:00:00,388.4915415621882,0.0
2025-07-03 00:30:00,385.853620456733,0.0
2025-07-03 01:00:00,670.2055754430781,0.0
2025-07-03 01:30:00,452.31595402852105,0.0
2025-07-03 02:00:00,314.6234859040659,0.0
2025-07-03 02:30:00,312.3966072286083,0.0
2025-07-03 03:00:00,405.46314232021797,0.0
2025-07-03 03:30:00,494.3028112265175,0.0
2025-07-03 04:00:00,509.3895955117788,78.88988888888889
2025-07-03 04:30:00,428.87866662292925,154.40820454545454
2025-07-03 05:00:00,502.04658549973874,271.0907619047619
2025-07-03 05:30:00,494.3327861802042,422.39794
2025-07-03 06:00:00,537.003925151597,486.8346153846154
2025-07-03 06:30:00,795.7674844837999,779.8696785714285
2025-07-03 07:00:00,683.7963214925367,1113.6441206896552
2025-07-03 07:30:00,636.9130149253942,1879.628206896552
2025-07-03 08:00:00,387.80929136996997,1732.531232142857
2025-07-03 08:30:00,666.091795786493,1828.122
2025-07-03 09:00:00,442.5525159593595,1790.3893859649124
2025-07-03 09:30:00,604.7997347232285,1956.6986363636363
2025-07-03 10:00:00,280.33737577187566,2205.5309649122805
2025-07-03 10:30:00,424.44350499463854,1536.8660181818182
2025-07-03 11:00:00,669.584626946466,1504.9140175438597
2025-07-03 11:30:00,483.35372180865045,1725.4227500000002
2025-07-03 12:00:00,406.7047788955973,1082.659153846154
2025-07-03 12:30:00,530.0482402540547,1845.9610555555555
2025-07-03 13:00:00,690.4444459944864,1350.9643518518517
2025-07-03 13:30:00,678.3834957808909,890.23658
2025-07-03 14:00:00,668.680400881165,1135.8650175438595
2025-07-03 14:30:00,509.8757762303835,521.9626603773585
2025-07-03 15:00:00,543.1683046629287,450.4715892857143
2025-07-03 15:30:00,574.295151961472,702.4481428571428
2025-07-03 16:00:00,490.6190400483809,818.7543818181819
2025-07-03 16:30:00,594.3894966965322,954.628396551724
2025-07-03 17:00:00,2013.9237243799594,1199.1979814814815
2025-07-03 17:30:00,1944.0769751180082,689.0939649122807
2025-07-03 18:00:00,1927.5036191475447,323.8885714285715
2025-07-03 18:30:00,1960.1090154617984,94.79092307692308
2025-07-03 19:00:00,2018.5886646240192,35.253571428571426
2025-07-03 19:30:00,1939.9521721495084,0.0
2025-07-03 20:00:00,2088.1522523989756,0.0
2025-07-03 20:30:00,2002.2185362853777,0.0
2025-07-03 21:00:00,1992.6669071191861,0.0
2025-07-03 21:30:00,1891.4159667593444,0.0
2025-07-03 22:00:00,1948.95228255135,0.0
2025-07-03 22:30:00,1810.165594087966,0.0
2025-07-03 23:00:00,2092.7504963925126,0.0
2025-07-03 23:30:00,2060.168687613213,0.0
2025-07-04 00:00:00,336.27662835475473,0.0
2025-07-04 00:30:00,395.5078703851563,0.0
2025-07-04 01:00:00,416.5978568078624,0.0
2025-07-04 01:30:00,553.6436386996442,0.0
2025-07-04 02:00:00,441.8788778544473,0.0
2025-07-04 02:30:00,494.0347142416067,0.0
2025-07-04 03:00:00,298.58937746384794,0.0
2025-07-04 03:30:00,646.2438666217181,0.0
2025-07-04 04:00:00,388.5000705062406,65.97992307692309
2025-07-04 04:30:00,368.6023841893394,120.09044680851063
2025-07-04 05:00:00,460.1987491576903,259.94893181818185
2025-07-04 05:30:00,532.0273613804225,435.4577586206896
2025-07-04 06:00:00,659.9313562761376,501.9757450980392
2025-07-04 06:30:00,575.0354560946781,542.2635925925925
2025-07-04 07:00:00,610.8789847241663,949.336948275862
2025-07-04 07:30:00,558.2701167709253,1837.799172413793
2025-07-04 08:00:00,434.3222908102447,1745.2550166666667
2025-07-04 08:30:00,577.7578997931612,2280.8638813559323
2025-07-04 09:00:00,515.0913499333487,2968.0601379310347
2025-07-04 09:30:00,507.3867028117687,2373.0884545454546
2025-07-04 10:00:00,489.9683662664893,2113.5036
2025-07-04 10:30:00,615.9446364874138,2387.5514285714285
2025-07-04 11:00:00,348.7707193097198,3385.9843214285715
2025-07-04 11:30:00,577.6017741874591,2964.6392931034484
2025-07-04 12:00:00,454.65196158010855,2837.4168333333337
2025-07-04 12:30:00,630.7174382724486,2386.8244237288136
2025-07-04 13:00:00,441.98846979540417,3599.2385686274506
2025-07-04 13:30:00,448.95543394914523,3634.334551020409
2025-07-04 14:00:00,483.27997193973135,3391.104088888889
2025-07-04 14:30:00,611.5713721192442,3163.99025
2025-07-04 15:00:00,391.0154056666702,2834.0181666666667
2025-07-04 15:30:00,582.3291824058144,2297.179482142857
2025-07-04 16:00:00,362.80568708720125,1989.9309056603772
2025-07-04 16:30:00,634.4293032320027,1894.0463148148149
2025-07-04 17:00:00,1973.2475044227754,1423.4616724137932
2025-07-04 17:30:00,1926.361561911921,391.91092
2025-07-04 18:00:00,1878.616864926221,158.7446888888889
2025-07-04 18:30:00,2015.3394183947678,113.7628
2025-07-04 19:00:00,2018.5716604194838,47.23919047619048
2025-07-04 19:30:00,2002.0280090174865,0.0
2025-07-04 20:00:00,2081.7205801138302,0.0
2025-07-04 20:30:00,2052.0428904538308,0.0
2025-07-04 21:00:00,1867.6342291768492,0.0
2025-07-04 21:30:00,2015.8939591878225,0.0
2025-07-04 22:00:00,2121.8947795540703,0.0
2025-07-04 22:30:00,1985.8785274141183,0.0
2025-07-04 23:00:00,1971.6429505957733,0.0
2025-07-04 23:30:00,2056.212068355627,0.0
2025-07-05 00:00:00,572.6920110679793,0.0
2025-07-05 00:30:00,500.21310937085406,0.0
2025-07-05 01:00:00,659.3041464724416,0.0
2025-07-05 01:30:00,349.4754475689657,0.0
2025-07-05 02:00:00,608.838715730448,0.0
2025-07-05 02:30:00,585.5032852582416,0.0
2025-07-05 03:00:00,549.5662471915828,0.0
2025-07-05 03:30:00,446.677420700108,0.0
2025-07-05 04:00:00,439.23588559153166,46.7124
2025-07-05 04:30:00,406.54352700705675,67.59323529411765
2025-07-05 05:00:00,670.3043880718151,116.46478571428572
2025-07-05 05:30:00,544.413480445356,142.76958064516128
2025-07-05 06:00:00,1000.2574427772776,272.36560784313724
2025-07-05 06:30:00,1077.9674998012272,569.6428113207547
2025-07-05 07:00:00,1088.2639855258462,1025.03978
2025-07-05 07:30:00,983.5352735547061,1461.5255357142858
2025-07-05 08:00:00,899.9027799875122,1888.8242592592592
2025-07-05 08:30:00,829.2030138713712,2307.2665
2025-07-05 09:00:00,1031.1399583502136,2665.3594285714285
2025-07-05 09:30:00,863.5137850942986,2950.3301818181817
2025-07-05 10:00:00,880.1814086404383,3150.2367272727274
2025-07-05 10:30:00,928.594593577621,3338.683760869565
2025-07-05 11:00:00,915.4211923502837,3329.342614035088
2025-07-05 11:30:00,959.7498815158398,3357.7893703703703
2025-07-05 12:00:00,2011.1862469271418,3769.1368
2025-07-05 12:30:00,1954.3826402275874,3592.3793800000003
2025-07-05 13:00:00,1949.457735316046,3483.00988
2025-07-05 13:30:00,2102.164621394216,3337.69774137931
2025-07-05 14:00:00,566.1674613129949,3249.5939807692307
2025-07-05 14:30:00,715.3461536176092,3058.894608695652
2025-07-05 15:00:00,831.4659455800268,2332.2141578947367
2025-07-05 15:30:00,693.2669711880525,2231.12998245614
2025-07-05 16:00:00,876.9478481941013,1944.4955166666664
2025-07-05 16:30:00,871.8163197155476,1499.8186101694914
2025-07-05 17:00:00,833.262996374738,1371.3345789473683
2025-07-05 17:30:00,866.9712803944997,483.7660769230769
2025-07-05 18:00:00,2561.496117493497,122.44720930232558
2025-07-05 18:30:00,2355.7020248519084,113.39439024390244
2025-07-05 19:00:00,2578.821696093617,69.0431081081081
2025-07-05 19:30:00,2554.1658565178313,0.0
2025-07-05 20:00:00,2500.8929951030154,0.0
2025-07-05 20:30:00,2506.267501461879,0.0
2025-07-05 21:00:00,2448.384368205088,0.0
2025-07-05 21:30:00,2535.8749097203895,0.0
2025-07-05 22:00:00,2362.092318014873,0.0
2025-07-05 22:30:00,2417.700452281199,0.0
2025-07-05 23:00:00,2584.5519901000907,0.0
2025-07-05 23:30:00,2476.644280113786,0.0
2025-07-06 00:00:00,662.8454193315282,0.0
2025-07-06 00:30:00,299.31203378099474,0.0
2025-07-06 01:00:00,671.3505239112836,0.0
2025-07-06 01:30:00,422.8334862080656,0.0
2025-07-06 02:00:00,591.2389141001979,0.0
2025-07-06 02:30:00,499.4381861341918,0.0
2025-07-06 03:00:00,556.5026865072477,0.0
2025-07-06 03:30:00,489.85447470582534,0.0
2025-07-06 04:00:00,520.5790753868841,0.0
2025-07-06 04:30:00,412.14567086067314,108.88
2025-07-06 05:00:00,576.1074910060846,194.2444210526316
2025-07-06 05:30:00,667.4610711164914,273.26842592592595
2025-07-06 06:00:00,898.9803045225765,321.5041698113208
2025-07-06 06:30:00,925.1265497083352,126.24098148148148
2025-07-06 07:00:00,924.2888025068878,346.3426274509804
2025-07-06 07:30:00,1105.1011498806008,185.02060377358487
2025-07-06 08:00:00,844.5924442751893,159.3628
2025-07-06 08:30:00,1170.3265919149783,184.2603333333333
2025-07-06 09:00:00,1025.5997738801013,192.9817021276596
2025-07-06 09:30:00,1131.2496491861723,776.5276779661017
2025-07-06 10:00:00,924.4620436909629,2605.1668644067795
2025-07-06 10:30:00,850.9738427416047,3448.192525423729
2025-07-06 11:00:00,902.0088904104261,3842.8265
2025-07-06 11:30:00,854.6538031970604,1798.407428571429
2025-07-06 12:00:00,2064.8532231708623,181.7604444444445
2025-07-06 12:30:00,1938.5399277145216,799.4723793103449
2025-07-06 13:00:00,2007.3808378593683,622.0011999999999
2025-07-06 13:30:00,2053.460976743532,1379.4851228070177
2025-07-06 14:00:00,732.7777807100244,1400.3249298245612
2025-07-06 14:30:00,823.149517969738,1557.4963392857142
2025-07-06 15:00:00,798.9774525357765,1893.7512166666668
2025-07-06 15:30:00,918.1147007438935,790.3592000000001
2025-07-06 16:00:00,853.7300039782955,115.3962093023256
2025-07-06 16:30:00,892.8811359160652,244.4280925925926
2025-07-06 17:00:00,997.3469558244,30.657285714285717
2025-07-06 17:30:00,755.5397074573362,0.0
2025-07-06 18:00:00,2384.092259214727,0.0
2025-07-06 18:30:00,2576.6835852035447,0.0
2025-07-06 19:00:00,2382.28796935174,0.0
2025-07-06 19:30:00,2624.3819291809577,0.0
2025-07-06 20:00:00,2419.189056577996,0.0
2025-07-06 20:30:00,2447.809519290277,0.0
2025-07-06 21:00:00,2598.5462016685688,0.0
2025-07-06 21:30:00,2434.1296224192097,0.0
2025-07-06 22:00:00,2405.0586332601342,0.0
2025-07-06 22:30:00,2354.395849515504,0.0
2025-07-06 23:00:00,2365.78476551972,0.0
2025-07-06 23:30:00,2507.9354699167066,0.0
2025-07-07 00:00:00,399.56748465414904,0.0
2025-07-07 00:30:00,272.4400112772687,0.0
2025-07-07 01:00:00,417.7400691985151,0.0
2025-07-07 01:30:00,471.7228375571965,0.0
2025-07-07 02:00:00,442.4305097386067,0.0
2025-07-07 02:30:00,433.9910576035124,0.0
2025-07-07 03:00:00,520.4684209143044,0.0
2025-07-07 03:30:00,359.2006968546865,0.0
2025-07-07 04:00:00,382.8431858235807,38.78
2025-07-07 04:30:00,461.9933068028263,111.20184905660378
2025-07-07 05:00:00,431.5377820818617,127.4255
2025-07-07 05:30:00,435.9742758965035,194.62789130434783
2025-07-07 06:00:00,662.1436009942192,441.7194528301887
2025-07-07 06:30:00,733.5296703279073,714.930679245283
2025-07-07 07:00:00,594.6847431914247,866.6150677966101
2025-07-07 07:30:00,461.9992476747385,1641.22375
2025-07-07 08:00:00,550.8109398242766,1312.691245614035
2025-07-07 08:30:00,541.2006599521758,1742.1395098039218
2025-07-07 09:00:00,537.7659783562856,1709.903581818182
2025-07-07 09:30:00,643.8314668664586,2312.8167413793108
2025-07-07 10:00:00,565.356165424371,2116.256516666667
2025-07-07 10:30:00,587.9272826161416,1400.7577636363635
2025-07-07 11:00:00,530.9606521490763,1943.2582280701756
2025-07-07 11:30:00,614.4698973920207,1842.440438596491
2025-07-07 12:00:00,508.9117908774913,1419.342716981132
2025-07-07 12:30:00,670.6430308754161,1442.8584655172413
2025-07-07 13:00:00,487.3402759333204,1424.0039818181815
2025-07-07 13:30:00,374.80221088556095,1950.509109090909
2025-07-07 14:00:00,645.1502193174089,3038.263894736842
2025-07-07 14:30:00,463.5986021665826,3509.4984629629635
2025-07-07 15:00:00,467.90792062573473,3288.054923076923
2025-07-07 15:30:00,741.6617792063408,2413.501545454545
2025-07-07 16:00:00,702.5917787572893,2156.8986600000003
2025-07-07 16:30:00,488.5592163371938,1884.8899038461536
2025-07-07 17:00:00,1979.5081409021059,1228.242537037037
2025-07-07 17:30:00,2020.7698635128029,915.786277777778
2025-07-07 18:00:00,2122.3842148581307,324.1332340425532
2025-07-07 18:30:00,2160.60928495387,64.10385714285714
2025-07-07 19:00:00,2006.060175381925,40.33711111111111
2025-07-07 19:30:00,1975.2409886650303,0.0
2025-07-07 20:00:00,1907.6748637403655,0.0
2025-07-07 20:30:00,2156.2227206458597,0.0
2025-07-07 21:00:00,2075.5424097093405,0.0
2025-07-07 21:30:00,1901.4339474565888,0.0
2025-07-07 22:00:00,1843.4567262724568,0.0
2025-07-07 22:30:00,2132.3902853476598,0.0
2025-07-07 23:00:00,1829.0682753647507,0.0
2025-07-07 23:30:00,1958.2828136385929,0.0
